No.,Player,Age,Pos,G,GS,QBrec,Cmp,Att,Cmp%,Yds,TD,TD%,Int,Int%,Lng,Y/A,AY/A,Y/C,Y/G,Rate,QBR,Sk,Sk%,NY/A,ANY/A,4QC,GWD,RushAtt,RushYds,RushTD,Fmb,Year,YearsBack,Team
1.0,Kyler Murray,25.0,QB,11,11.0,3-8-0,259,390,66.4,2368,14,3.6,7,1.8,38.0,6.1,6.0,9.1,215.3,87.2,51.5,25,6.0,5.24,5.16,1.0,1.0,67,418,3,8.0,2022,1,crd
12.0,Colt McCoy,36.0,QB,4,3.0,1-2-0,90,132,68.2,780,1,0.8,3,2.3,47.0,5.9,5.0,8.7,195.0,76.6,37.4,13,9.0,4.71,3.92,0.0,0.0,14,36,0,2.0,2022,1,crd
19.0,Trace McSorley,27.0,QB,6,1.0,0-1-0,45,83,54.2,412,0,0.0,5,6.0,47.0,5.0,2.3,9.2,68.7,42.8,10.8,3,3.5,4.48,1.86,0.0,0.0,15,61,0,2.0,2022,1,crd
17.0,David Blough,27.0,QB,2,2.0,0-2-0,38,58,65.5,402,2,3.4,2,3.4,77.0,6.9,6.1,10.6,201.0,82.7,28.2,5,7.9,6.0,5.21,0.0,0.0,4,5,0,1.0,2022,1,crd
1.0,Marcus Mariota,29.0,QB,13,13.0,5-8-0,184,300,61.3,2219,15,5.0,9,3.0,75.0,7.4,7.0,12.1,170.7,88.2,55.6,28,8.5,6.17,5.85,2.0,3.0,85,438,4,8.0,2022,1,atl
4.0,Desmond Ridder,23.0,QB,4,4.0,2-2-0,73,115,63.5,708,2,1.7,0,0.0,40.0,6.2,6.5,9.7,177.0,86.4,49.8,9,7.3,5.44,5.77,1.0,1.0,16,64,0,3.0,2022,1,atl
8.0,Lamar Jackson,25.0,QB,12,12.0,8-4-0,203,326,62.3,2242,17,5.2,7,2.1,75.0,6.9,7.0,11.0,186.8,91.1,59.1,26,7.4,6.05,6.12,1.0,2.0,112.0,764.0,3,5.0,2022,1,rav
2.0,Tyler Huntley,24.0,QB,6,4.0,2-2-0,75,112,67.0,658,2,1.8,3,2.7,40.0,5.9,5.0,8.8,109.7,77.2,41.3,7,5.9,5.24,4.45,1.0,1.0,43.0,137.0,1,3.0,2022,1,rav
12.0,Anthony Brown,24.0,QB,2,1.0,0-1-0,22,49,44.9,302,0,0.0,2,4.1,47.0,6.2,4.3,13.7,151.0,48.2,0.0,5,9.3,5.33,3.67,0.0,0.0,3.0,-5.0,0,1.0,2022,1,rav
17.0,Josh Allen,26.0,QB,16,16.0,13-3-0,359,567,63.3,4283,35,6.2,14,2.5,98.0,7.6,7.7,11.9,267.7,96.6,71.4,33,5.5,6.87,6.99,3.0,4.0,124,762,7,13.0,2022,1,buf
18.0,Case Keenum,34.0,QB,2,0.0,0,2,7,28.6,8,0,0.0,0,0.0,5.0,1.1,1.1,4.0,4.0,39.6,4.3,0,0.0,1.14,1.14,0.0,0.0,5,0,0,0.0,2022,1,buf
6.0,Baker Mayfield,27.0,QB,7,6.0,1-5-0,119,206,57.8,1313,6,2.9,6,2.9,75.0,6.4,5.6,11.0,187.6,74.4,0.0,19,8.4,5.28,4.61,0.0,0.0,16,52,1,6.0,2022,1,car
14.0,Sam Darnold,25.0,QB,6,6.0,4-2-0,82,140,58.6,1143,7,5.0,3,2.1,52.0,8.2,8.2,13.9,190.5,92.6,48.5,10,6.7,7.1,7.13,0.0,1.0,26,106,2,6.0,2022,1,car
11.0,P.J. Walker,27.0,QB,6,5.0,2-3-0,63,106,59.4,731,3,2.8,3,2.8,62.0,6.9,6.2,11.6,121.8,78.0,23.5,7,6.2,6.06,5.4,0.0,0.0,6,39,0,0.0,2022,1,car
16.0,Jacob Eason,25.0,QB,1,0.0,0,3,5,60.0,59,0,0.0,1,20.0,49.0,11.8,2.8,19.7,59.0,61.7,0.8,0,0.0,11.8,2.8,0.0,0.0,0,0,0,0.0,2022,1,car
1.0,Justin Fields,23.0,QB,15,15.0,3-12-0,192,318,60.4,2242,17,5.3,11,3.5,56.0,7.1,6.6,11.7,149.5,85.2,54.0,55,14.7,5.05,4.63,1.0,2.0,160,1143,8,16.0,2022,1,chi
15.0,Trevor Siemian,31.0,QB,2,1.0,0-1-0,15,26,57.7,184,1,3.8,1,3.8,33.0,7.1,6.1,12.3,92.0,76.4,26.5,2,7.1,6.07,5.18,0.0,0.0,4,8,0,0.0,2022,1,chi
14.0,Nathan Peterman,28.0,QB,3,1.0,0-1-0,14,25,56.0,139,1,4.0,1,4.0,28.0,5.6,4.6,9.9,46.3,68.6,39.9,1,3.8,5.12,4.15,0.0,0.0,2,7,0,0.0,2022,1,chi
17.0,Tim Boyle,28.0,QB,1,0.0,0,2,8,25.0,33,0,0.0,2,25.0,17.0,4.1,-7.1,16.5,33.0,4.7,0.5,0,0.0,4.13,-7.13,0.0,0.0,2,-2,0,0.0,2022,1,chi
9.0,Joe Burrow,26.0,QB,16,16.0,12-4-0,414,606,68.3,4475,35,5.8,12,2.0,60.0,7.4,7.6,10.8,279.7,100.8,58.7,41,6.3,6.52,6.76,3.0,4.0,75.0,257.0,5,6.0,2022,1,cin
8.0,Brandon Allen,30.0,QB,1,0.0,0,3,3,100.0,22,0,0.0,0,0.0,13.0,7.3,7.3,7.3,22.0,97.2,44.4,1,25.0,5.5,5.5,0.0,0.0,3.0,-1.0,0,0.0,2022,1,cin
7.0,Jacoby Brissett,30.0,QB,16,11.0,4-7-0,236,369,64.0,2608,12,3.3,6,1.6,55.0,7.1,7.0,11.1,163.0,88.9,60.0,24,6.1,6.23,6.15,2.0,2.0,49.0,243.0,2,6.0,2022,1,cle
4.0,Deshaun Watson,27.0,QB,6,6.0,3-3-0,99,170,58.2,1102,7,4.1,5,2.9,46.0,6.5,6.0,11.1,183.7,79.1,38.3,20,10.5,5.24,4.79,0.0,0.0,36.0,175.0,1,1.0,2022,1,cle
4.0,Dak Prescott,29.0,QB,12,12.0,8-4-0,261,394,66.2,2860,23,5.8,15,3.8,68.0,7.3,6.7,11.0,238.3,91.1,57.9,20,4.8,6.6,6.08,2.0,2.0,45,182,1,4.0,2022,1,dal
10.0,Cooper Rush,29.0,QB,9,5.0,4-1-0,94,162,58.0,1051,5,3.1,3,1.9,46.0,6.5,6.3,11.2,116.8,80.0,58.7,7,4.1,5.93,5.72,0.0,2.0,9,6,0,2.0,2022,1,dal
3.0,Russell Wilson,34.0,QB,15,15.0,4-11-0,292,483,60.5,3524,16,3.3,11,2.3,67.0,7.3,6.9,12.1,234.9,84.4,36.7,55,10.2,5.87,5.54,3.0,3.0,55,277,3,6.0,2022,1,den
4.0,Brett Rypien,26.0,QB,4,2.0,1-1-0,53,88,60.2,483,2,2.3,4,4.5,45.0,5.5,3.9,9.1,120.8,63.8,24.3,8,8.3,4.54,3.08,0.0,0.0,6,7,0,4.0,2022,1,den
16.0,Jared Goff,28.0,QB,17,17.0,9-8-0,382,587,65.1,4438,29,4.9,7,1.2,81.0,7.6,8.0,11.6,261.1,99.3,61.1,23,3.8,7.02,7.45,3.0,3.0,29,73,0,7.0,2022,1,det
10.0,Nate Sudfeld,29.0,QB,2,0.0,0,0,0,0.0,0,0,0.0,0,0.0,0.0,0.0,0.0,0.0,0.0,0.0,0.7,1,100.0,-7.0,-7.0,0.0,0.0,5,-4,0,0.0,2022,1,det
12.0,Aaron Rodgers,39.0,QB,17,17.0,8-9-0,350,542,64.6,3695,26,4.8,12,2.2,58.0,6.8,6.8,10.6,217.4,91.1,39.3,32,5.6,5.99,5.95,3.0,4.0,34,94,1,8.0,2022,1,gnb
10.0,Jordan Love,24.0,QB,4,0.0,0,14,21,66.7,195,1,4.8,0,0.0,63.0,9.3,10.2,13.9,48.8,112.2,82.0,0,0.0,9.29,10.24,0.0,0.0,1,-1,0,0.0,2022,1,gnb
10.0,Davis Mills,24.0,QB,15,15.0,3-10-1,292,479,61.0,3118,17,3.5,15,3.1,58.0,6.5,5.8,10.7,207.9,78.8,33.1,31,6.1,5.64,4.98,2.0,3.0,32.0,108.0,2,8.0,2022,1,htx
3.0,Kyle Allen,26.0,QB,2,2.0,0-2-0,46,78,59.0,416,2,2.6,4,5.1,39.0,5.3,3.5,9.0,208.0,60.6,3.4,5,6.0,4.52,2.83,0.0,0.0,6.0,13.0,0,4.0,2022,1,htx
6.0,Jeff Driskel,29.0,QB,7,2.0,0-1-0,14,20,70.0,108,1,5.0,0,0.0,28.0,5.4,6.4,7.7,15.4,99.6,19.6,2,9.1,4.32,5.23,0.0,0.0,20.0,75.0,0,0.0,2022,1,htx
2.0,Matt Ryan,37.0,QB,12,12.0,4-7-1,309,461,67.0,3057,14,3.0,13,2.8,45.0,6.6,6.0,9.9,254.8,83.9,42.9,38,7.6,5.55,4.94,5.0,4.0,27,70,1,15.0,2022,1,clt
4.0,Sam Ehlinger,24.0,QB,4,3.0,0-3-0,64,101,63.4,573,3,3.0,3,3.0,47.0,5.7,4.9,9.0,143.3,76.1,31.9,14,12.2,4.23,3.57,0.0,0.0,17,87,0,2.0,2022,1,clt
9.0,Nick Foles,33.0,QB,3,2.0,0-2-0,25,42,59.5,224,0,0.0,4,9.5,49.0,5.3,1.0,9.0,74.7,34.3,7.4,8,16.0,3.52,-0.08,0.0,0.0,2,8,0,0.0,2022,1,clt
16.0,Trevor Lawrence,23.0,QB,17,17.0,9-8-0,387,584,66.3,4113,25,4.3,8,1.4,59.0,7.0,7.3,10.6,241.9,95.2,54.5,27,4.4,6.43,6.66,3.0,2.0,62,291,5,12.0,2022,1,jax
3.0,C.J. Beathard,29.0,QB,4,0.0,0,7,11,63.6,35,0,0.0,1,9.1,11.0,3.2,-0.9,5.0,8.8,30.5,21.4,1,8.3,2.5,-1.25,0.0,0.0,4,-4,0,0.0,2022,1,jax
15.0,Patrick Mahomes,27.0,QB,17,17.0,14-3-0,435,648,67.1,5250,41,6.3,12,1.9,67.0,8.1,8.5,12.1,308.8,105.2,77.6,26,3.9,7.51,7.93,4.0,4.0,61,358,4,5.0,2022,1,kan
4.0,Chad Henne,37.0,QB,3,0.0,0,0,2,0.0,0,0,0.0,0,0.0,0.0,0.0,0.0,0.0,0.0,39.6,3.5,0,0.0,0.0,0.0,0.0,0.0,5,-5,0,1.0,2022,1,kan
4.0,Derek Carr,31.0,QB,15,15.0,6-9-0,305,502,60.8,3522,24,4.8,14,2.8,60.0,7.0,6.7,11.5,234.8,86.3,55.5,27,5.1,6.3,6.01,4.0,3.0,24,102,0,4.0,2022,1,rai
3.0,Jarrett Stidham,26.0,QB,5,2.0,0-2-0,53,83,63.9,656,4,4.8,3,3.6,60.0,7.9,7.2,12.4,131.2,89.2,57.8,7,7.8,6.77,6.16,0.0,0.0,14,84,0,3.0,2022,1,rai
10.0,Justin Herbert,24.0,QB,17,17.0,10-7-0,477,699,68.2,4739,25,3.6,10,1.4,55.0,6.8,6.9,9.9,278.8,93.2,58.2,38,5.2,6.15,6.22,4.0,5.0,54,147,0,8.0,2022,1,sdg
4.0,Chase Daniel,36.0,QB,4,0.0,0,8,12,66.7,52,1,8.3,0,0.0,13.0,4.3,6.0,6.5,13.0,103.5,57.9,1,7.7,3.92,5.46,0.0,0.0,1,4,0,0.0,2022,1,sdg
9.0,Matthew Stafford,34.0,QB,9,9.0,3-6-0,206,303,68.0,2087,10,3.3,8,2.6,75.0,6.9,6.4,10.1,231.9,87.4,50.3,29,8.7,5.66,5.18,0.0,0.0,13,9,1,5.0,2022,1,ram
17.0,Baker Mayfield,27.0,QB,5,4.0,1-3-0,82,129,63.6,850,4,3.1,2,1.6,39.0,6.6,6.5,10.4,170.0,86.4,0.0,17,11.6,5.2,5.13,1.0,1.0,15,37,0,3.0,2022,1,ram
13.0,John Wolford,27.0,QB,3,3.0,1-2-0,38,62,61.3,390,1,1.6,3,4.8,30.0,6.3,4.4,10.3,130.0,64.6,22.7,7,10.1,4.94,3.28,0.0,0.0,8,32,0,3.0,2022,1,ram
16.0,Bryce Perkins,26.0,QB,5,1.0,0-1-0,19,34,55.9,161,1,2.9,2,5.9,20.0,4.7,2.7,8.5,32.2,53.7,27.2,6,15.0,2.78,1.03,0.0,0.0,19,90,0,0.0,2022,1,ram
1.0,Tua Tagovailoa,24.0,QB,13,13.0,8-5-0,259,400,64.8,3548,25,6.3,8,2.0,84.0,8.9,9.2,13.7,272.9,105.5,68.8,21,5.0,8.04,8.37,2.0,2.0,23,70,0,6.0,2022,1,mia
19.0,Skylar Thompson,25.0,QB,7,2.0,1-1-0,60,105,57.1,534,1,1.0,3,2.9,32.0,5.1,4.0,8.9,76.3,62.2,27.2,6,5.4,4.45,3.41,0.0,1.0,14,21,0,2.0,2022,1,mia
5.0,Teddy Bridgewater,30.0,QB,5,2.0,0-2-0,49,79,62.0,683,4,5.1,4,5.1,64.0,8.6,7.4,13.9,136.6,85.6,47.4,7,8.1,7.42,6.26,0.0,0.0,3,27,0,0.0,2022,1,mia
8.0,Kirk Cousins,34.0,QB,17,17.0,13-4-0,424,643,65.9,4547,29,4.5,14,2.2,66.0,7.1,7.0,10.7,267.5,92.5,49.9,46,6.7,6.12,6.05,8.0,8.0,31,97,2,7.0,2022,1,min
12.0,Nick Mullens,27.0,QB,4,0.0,0,21,25,84.0,224,1,4.0,1,4.0,37.0,9.0,8.0,10.7,56.0,100.7,56.1,0,0.0,8.96,7.96,0.0,0.0,4,8,0,0.0,2022,1,min
10.0,Mac Jones,24.0,QB,14,14.0,6-8-0,288,442,65.2,2997,14,3.2,11,2.5,48.0,6.8,6.3,10.4,214.1,84.8,36.2,34,7.1,5.81,5.36,0.0,0.0,47,102,1,5.0,2022,1,nwe
4.0,Bailey Zappe,23.0,QB,4,2.0,2-0-0,65,92,70.7,781,5,5.4,3,3.3,53.0,8.5,8.1,12.0,195.3,100.9,34.5,6,6.1,7.56,7.2,0.0,0.0,10,0,0,4.0,2022,1,nwe
5.0,Brian Hoyer,37.0,QB,1,1.0,0-1-0,5,6,83.3,37,0,0.0,0,0.0,27.0,6.2,6.2,7.4,37.0,92.4,26.7,1,14.3,4.14,4.14,0.0,0.0,0,0,0,0.0,2022,1,nwe
14.0,Andy Dalton,35.0,QB,14,14.0,6-8-0,252,378,66.7,2871,18,4.8,9,2.4,64.0,7.6,7.5,11.4,205.1,95.2,50.7,25,6.2,6.66,6.54,1.0,1.0,30,54,0,5.0,2022,1,nor
2.0,Jameis Winston,28.0,QB,3,3.0,1-2-0,73,115,63.5,858,4,3.5,5,4.3,51.0,7.5,6.2,11.8,286.0,79.5,32.8,11,8.7,6.22,5.07,1.0,1.0,5,16,0,3.0,2022,1,nor
8.0,Daniel Jones,25.0,QB,16,16.0,9-6-1,317,472,67.2,3205,15,3.2,5,1.1,65.0,6.8,6.9,10.1,200.3,92.5,60.8,44,8.5,5.74,5.89,4.0,5.0,120.0,708.0,7,6.0,2022,1,nyg
12.0,Davis Webb,27.0,QB,1,1.0,0-1-0,23,40,57.5,168,1,2.5,0,0.0,25.0,4.2,4.7,7.3,168.0,75.8,73.5,0,0.0,4.2,4.7,0.0,0.0,6.0,41.0,1,0.0,2022,1,nyg
2.0,Tyrod Taylor,33.0,QB,3,0.0,0,6,8,75.0,58,1,12.5,1,12.5,19.0,7.3,4.1,9.7,19.3,94.8,10.7,3,27.3,3.64,1.36,0.0,0.0,5.0,70.0,0,2.0,2022,1,nyg
2.0,Zach Wilson,23.0,QB,9,9.0,5-4-0,132,242,54.5,1688,6,2.5,7,2.9,79.0,7.0,6.2,12.8,187.6,72.8,36.5,23,8.7,5.71,4.97,1.0,2.0,28,102,1,1.0,2022,1,nyj
19.0,Joe Flacco,37.0,QB,5,4.0,1-3-0,110,191,57.6,1051,5,2.6,3,1.6,66.0,5.5,5.3,9.6,210.2,75.2,34.1,10,5.0,4.9,4.73,1.0,1.0,3,6,0,5.0,2022,1,nyj
5.0,Mike White,27.0,QB,4,4.0,1-3-0,103,175,58.9,1192,3,1.7,4,2.3,60.0,6.8,6.1,11.6,298.0,75.7,37.0,9,4.9,6.07,5.41,0.0,0.0,6,9,1,2.0,2022,1,nyj
15.0,Chris Streveler,27.0,QB,2,1.0,0,10,15,66.7,90,0,0.0,0,0.0,30.0,6.0,6.0,9.0,45.0,82.6,72.3,0,0.0,6.0,6.0,0.0,0.0,9,54,0,1.0,2022,1,nyj
1.0,Jalen Hurts,24.0,QB,15,15.0,14-1-0,306,460,66.5,3701,22,4.8,6,1.3,68.0,8.0,8.4,12.1,246.7,101.5,66.4,38,7.6,6.97,7.31,1.0,2.0,165,760,13,9.0,2022,1,phi
10.0,Gardner Minshew II,26.0,QB,5,2.0,0-2-0,44,76,57.9,663,3,3.9,3,3.9,78.0,8.7,7.7,15.1,132.6,83.4,39.7,6,7.3,7.74,6.83,0.0,0.0,7,3,1,4.0,2022,1,phi
8.0,Kenny Pickett,24.0,QB,13,12.0,7-5-0,245,389,63.0,2404,7,1.8,9,2.3,57.0,6.2,5.5,9.8,184.9,76.7,51.5,27,6.5,5.34,4.7,3.0,4.0,55,237,3,4.0,2022,1,pit
10.0,Mitchell Trubisky,28.0,QB,7,5.0,2-3-0,117,180,65.0,1252,4,2.2,5,2.8,45.0,7.0,6.2,10.7,178.9,81.1,56.4,11,5.8,6.2,5.44,0.0,1.0,19,38,2,0.0,2022,1,pit
10.0,Jimmy Garoppolo,31.0,QB,11,10.0,7-3-0,207,308,67.2,2437,16,5.2,4,1.3,57.0,7.9,8.4,11.8,221.5,103.0,54.3,18,5.5,7.17,7.6,1.0,1.0,23,33,2,3.0,2022,1,sfo
13.0,Brock Purdy,23.0,QB,9,5.0,5-0-0,114,170,67.1,1374,13,7.6,4,2.4,54.0,8.1,8.6,12.1,152.7,107.3,65.6,11,6.1,7.13,7.57,1.0,1.0,22,13,1,0.0,2022,1,sfo
5.0,Trey Lance,22.0,QB,2,2.0,1-1-0,15,31,48.4,194,0,0.0,1,3.2,44.0,6.3,4.8,12.9,97.0,55.0,34.9,2,6.1,5.61,4.24,0.0,0.0,16,67,0,1.0,2022,1,sfo
11.0,Josh Johnson,36.0,QB,2,0.0,0,1,2,50.0,10,0,0.0,0,0.0,10.0,5.0,5.0,10.0,5.0,64.6,20.4,0,0.0,5.0,5.0,0.0,0.0,2,3,0,0.0,2022,1,sfo
7.0,Geno Smith,32.0,QB,17,17.0,9-8-0,399,572,69.8,4282,30,5.2,11,1.9,54.0,7.5,7.7,10.7,251.9,100.9,60.8,46,7.4,6.37,6.54,2.0,3.0,68,366,1,8.0,2022,1,sea
12.0,Tom Brady,45.0,QB,17,17.0,8-9-0,490,733,66.8,4694,25,3.4,9,1.2,63.0,6.4,6.5,9.6,276.1,90.7,52.5,22,2.9,6.01,6.13,4.0,5.0,29,-1,1,5.0,2022,1,tam
2.0,Kyle Trask,24.0,QB,1,0.0,0,3,9,33.3,23,0,0.0,0,0.0,9.0,2.6,2.6,7.7,23.0,42.4,1.6,0,0.0,2.56,2.56,0.0,0.0,0,0,0,0.0,2022,1,tam
11.0,Blaine Gabbert,33.0,QB,1,0.0,0,6,8,75.0,29,1,12.5,0,0.0,13.0,3.6,6.1,4.8,29.0,119.3,57.9,0,0.0,3.63,6.13,0.0,0.0,0,0,0,0.0,2022,1,tam
17.0,Ryan Tannehill,34.0,QB,12,12.0,6-6-0,212,325,65.2,2536,13,4.0,6,1.8,69.0,7.8,7.8,12.0,211.3,94.6,49.1,33,9.2,6.42,6.39,0.0,0.0,34,98,2,3.0,2022,1,oti
11.0,Joshua Dobbs,27.0,QB,2,2.0,0-2-0,40,68,58.8,411,2,2.9,2,2.9,39.0,6.0,5.3,10.3,205.5,73.8,50.8,6,8.1,5.2,4.53,0.0,0.0,8,44,0,4.0,2022,1,oti
7.0,Malik Willis,23.0,QB,8,3.0,1-2-0,31,61,50.8,276,0,0.0,3,4.9,48.0,4.5,2.3,8.9,34.5,42.8,12.4,10,14.1,3.2,1.3,0.0,0.0,27,123,1,3.0,2022,1,oti
11.0,Carson Wentz,30.0,QB,8,7.0,2-5-0,172,276,62.3,1755,11,4.0,9,3.3,75.0,6.4,5.7,10.2,219.4,80.2,32.9,26,8.6,5.28,4.67,2.0,2.0,22,86,1,6.0,2022,1,was
4.0,Taylor Heinicke,29.0,QB,9,9.0,5-3-1,161,259,62.2,1859,12,4.6,6,2.3,61.0,7.2,7.1,11.5,206.6,89.6,44.4,19,6.8,6.18,6.07,2.0,1.0,28,96,1,7.0,2022,1,was
14.0,Sam Howell,22.0,QB,1,1.0,1-0-0,11,19,57.9,169,1,5.3,1,5.3,52.0,8.9,7.6,15.4,169.0,83.0,46.4,3,13.6,7.18,6.05,0.0,0.0,5,35,1,0.0,2022,1,was
1.0,Kyler Murray,24.0,QB,14,14.0,9-5-0,333,481,69.2,3787,24,5.0,10,2.1,77.0,7.9,7.9,11.4,270.5,100.6,57.3,31,6.1,6.84,6.9,1.0,1.0,88,423,5,13.0,2021,2,crd
12.0,Colt McCoy,35.0,QB,8,3.0,2-1-0,74,99,74.7,740,3,3.0,1,1.0,50.0,7.5,7.6,10.0,92.5,101.4,54.5,6,5.7,6.67,6.81,0.0,0.0,22,37,0,4.0,2021,2,crd
15.0,Chris Streveler,26.0,QB,2,0.0,0,6,9,66.7,36,0,0.0,0,0.0,17.0,4.0,4.0,6.0,18.0,74.3,2.3,2,18.2,1.73,1.73,0.0,0.0,3,6,0,1.0,2021,2,crd
2.0,Matt Ryan,36.0,QB,17,17.0,7-10-0,375,560,67.0,3968,20,3.6,12,2.1,64.0,7.1,6.8,10.6,233.4,90.4,46.1,40,6.7,6.16,5.92,3.0,4.0,40,82,1,11.0,2021,2,atl
16.0,Josh Rosen,24.0,QB,4,0.0,0,2,11,18.2,19,0,0.0,2,18.2,14.0,1.7,-6.5,9.5,4.8,0.0,0.1,0,0.0,1.73,-6.45,0.0,0.0,0,0,0,0.0,2021,2,atl
15.0,Feleipe Franks,24.0,QB,9,0.0,0,0,1,0.0,0,0,0.0,1,100.0,0.0,0.0,-45.0,0.0,0.0,0.0,0.8,0,0.0,0.0,-45.0,0.0,0.0,3,6,0,0.0,2021,2,atl
8.0,Lamar Jackson,24.0,QB,12,12.0,7-5-0,246,382,64.4,2882,16,4.2,13,3.4,49.0,7.5,6.9,11.7,240.2,87.0,50.7,38,9.0,6.41,5.78,4.0,4.0,133,767,2,6.0,2021,2,rav
2.0,Tyler Huntley,23.0,QB,7,4.0,1-3-0,122,188,64.9,1081,3,1.6,4,2.1,43.0,5.8,5.1,8.9,154.4,76.6,49.0,18,8.7,4.73,4.15,1.0,1.0,47,294,2,4.0,2021,2,rav
15.0,Josh Johnson,35.0,QB,1,1.0,0-1-0,28,40,70.0,304,2,5.0,1,2.5,28.0,7.6,7.5,10.9,304.0,98.3,0.0,1,2.4,7.2,7.07,0.0,0.0,5,10,0,2.0,2021,2,rav
17.0,Josh Allen,25.0,QB,17,17.0,11-6-0,409,646,63.3,4407,36,5.6,15,2.3,61.0,6.8,6.9,10.8,259.2,92.2,60.7,26,3.9,6.31,6.38,0.0,0.0,122.0,763.0,6,8.0,2021,2,buf
10.0,Mitchell Trubisky,27.0,QB,6,0.0,0,6,8,75.0,43,0,0.0,1,12.5,15.0,5.4,-0.3,7.2,7.2,47.4,73.2,0,0.0,5.38,-0.25,0.0,0.0,13.0,24.0,1,0.0,2021,2,buf
14.0,Sam Darnold,24.0,QB,12,11.0,4-7-0,243,406,59.9,2527,9,2.2,13,3.2,63.0,6.2,5.2,10.4,210.6,71.9,33.2,35,7.9,5.27,4.35,0.0,0.0,48.0,222.0,5,9.0,2021,2,car
1.0,Cam Newton,32.0,QB,8,5.0,0-5-0,69,126,54.8,684,4,3.2,5,4.0,64.0,5.4,4.3,9.9,85.5,64.4,25.5,10,7.4,4.42,3.35,0.0,0.0,47.0,230.0,5,4.0,2021,2,car
6.0,P.J. Walker,26.0,QB,5,1.0,1-0-0,36,66,54.5,362,1,1.5,3,4.5,24.0,5.5,3.7,10.1,72.4,56.5,19.3,7,9.6,4.32,2.74,0.0,0.0,7.0,13.0,0,3.0,2021,2,car
1.0,Justin Fields,22.0,QB,12,10.0,2-8-0,159,270,58.9,1870,7,2.6,10,3.7,64.0,6.9,5.8,11.8,155.8,73.2,26.4,36,11.8,5.25,4.24,0.0,0.0,72,420,2,12.0,2021,2,chi
14.0,Andy Dalton,34.0,QB,8,6.0,3-3-0,149,236,63.1,1515,8,3.4,9,3.8,60.0,6.4,5.4,10.2,189.4,76.9,33.6,18,7.1,5.4,4.44,1.0,1.0,16,76,0,1.0,2021,2,chi
9.0,Nick Foles,32.0,QB,1,1.0,1-0-0,24,35,68.6,250,1,2.9,0,0.0,30.0,7.1,7.7,10.4,250.0,98.5,45.6,4,10.3,5.87,6.38,1.0,1.0,4,8,0,1.0,2021,2,chi
9.0,Joe Burrow,25.0,QB,16,16.0,10-6-0,366,520,70.4,4611,34,6.5,14,2.7,82.0,8.9,9.0,12.6,288.2,108.3,54.3,51,8.9,7.43,7.51,2.0,3.0,40,118,2,5.0,2021,2,cin
8.0,Brandon Allen,29.0,QB,6,1.0,0-1-0,17,34,50.0,149,2,5.9,0,0.0,26.0,4.4,5.6,8.8,24.8,81.6,8.4,4,10.5,3.05,4.11,0.0,1.0,7,-1,0,1.0,2021,2,cin
6.0,Baker Mayfield,26.0,QB,14,14.0,6-8-0,253,418,60.5,3010,17,4.1,13,3.1,71.0,7.2,6.6,11.9,215.0,83.1,35.1,43,9.3,5.95,5.41,0.0,0.0,37,134,1,6.0,2021,2,cle
5.0,Case Keenum,33.0,QB,7,2.0,2-0-0,47,72,65.3,462,3,4.2,1,1.4,34.0,6.4,6.6,9.8,66.0,91.3,36.9,5,6.5,5.62,5.82,0.0,0.0,12,22,0,1.0,2021,2,cle
9.0,Nick Mullens,26.0,QB,1,1.0,0-1-0,20,30,66.7,147,1,3.3,0,0.0,25.0,4.9,5.6,7.4,147.0,89.2,77.6,0,0.0,4.9,5.57,0.0,0.0,0,0,0,0.0,2021,2,cle
4.0,Dak Prescott,28.0,QB,16,16.0,11-5-0,410,596,68.8,4449,37,6.2,10,1.7,51.0,7.5,8.0,10.9,278.1,104.2,54.6,30,4.8,6.88,7.34,1.0,2.0,48,146,1,14.0,2021,2,dal
10.0,Cooper Rush,28.0,QB,5,1.0,1-0-0,30,47,63.8,422,3,6.4,1,2.1,73.0,9.0,9.3,14.1,84.4,105.1,41.8,3,6.0,8.06,8.36,1.0,1.0,9,-8,0,1.0,2021,2,dal
5.0,Teddy Bridgewater,29.0,QB,14,14.0,7-7-0,285,426,66.9,3052,18,4.2,7,1.6,64.0,7.2,7.3,10.7,218.0,94.9,47.4,31,6.8,6.22,6.32,0.0,1.0,30.0,106.0,2,1.0,2021,2,den
3.0,Drew Lock,25.0,QB,6,3.0,0-3-0,67,111,60.4,787,2,1.8,2,1.8,44.0,7.1,6.6,11.7,131.2,80.4,23.4,9,7.5,6.13,5.71,0.0,0.0,10.0,53.0,2,2.0,2021,2,den
4.0,Brett Rypien,25.0,QB,1,0.0,0,0,2,0.0,0,0,0.0,0,0.0,0.0,0.0,0.0,0.0,0.0,39.6,1.1,0,0.0,0.0,0.0,0.0,0.0,0.0,0.0,0,0.0,2021,2,den
16.0,Jared Goff,27.0,QB,14,14.0,3-10-1,332,494,67.2,3245,19,3.8,8,1.6,63.0,6.6,6.6,9.8,231.8,91.5,39.5,35,6.6,5.6,5.64,2.0,2.0,17.0,87.0,0,9.0,2021,2,det
12.0,Tim Boyle,27.0,QB,5,3.0,0-3-0,61,94,64.9,526,3,3.2,6,6.4,42.0,5.6,3.4,8.6,105.2,63.5,26.4,0,0.0,5.6,3.36,0.0,0.0,2.0,13.0,0,1.0,2021,2,det
10.0,David Blough,26.0,QB,1,0.0,0,0,0,0.0,0,0,0.0,0,0.0,0.0,0.0,0.0,0.0,0.0,0.0,0.1,1,100.0,-6.0,-6.0,0.0,0.0,1.0,6.0,0,1.0,2021,2,det
12.0,Aaron Rodgers,38.0,QB,16,16.0,13-3-0,366,531,68.9,4115,37,7.0,4,0.8,75.0,7.7,8.8,11.2,257.2,111.9,69.1,30,5.3,7.0,8.0,1.0,2.0,33,101,3,3.0,2021,2,gnb
10.0,Jordan Love,23.0,QB,6,1.0,0-1-0,36,62,58.1,411,2,3.2,3,4.8,62.0,6.6,5.1,11.4,68.5,68.7,31.4,3,4.6,5.97,4.51,0.0,0.0,12,27,0,3.0,2021,2,gnb
10.0,Davis Mills,23.0,QB,13,11.0,2-9-0,263,394,66.8,2664,16,4.1,10,2.5,67.0,6.8,6.4,10.1,204.9,88.8,35.5,31,7.3,5.78,5.48,0.0,0.0,18.0,44.0,0,5.0,2021,2,htx
5.0,Tyrod Taylor,32.0,QB,6,6.0,2-4-0,91,150,60.7,966,5,3.3,5,3.3,52.0,6.4,5.6,10.6,161.0,76.7,40.4,13,8.0,5.2,4.43,0.0,0.0,19.0,151.0,3,3.0,2021,2,htx
2.0,Carson Wentz,29.0,QB,17,17.0,9-8-0,322,516,62.4,3563,27,5.2,7,1.4,76.0,6.9,7.3,11.1,209.6,94.6,54.7,32,5.8,6.09,6.5,0.0,0.0,57,215,1,8.0,2021,2,clt
9.0,Jacob Eason,24.0,QB,1,0.0,0,2,5,40.0,25,0,0.0,1,20.0,10.0,5.0,-4.0,12.5,25.0,16.7,0.1,0,0.0,5.0,-4.0,0.0,0.0,0,0,0,0.0,2021,2,clt
16.0,Trevor Lawrence,22.0,QB,17,17.0,3-14-0,359,602,59.6,3641,12,2.0,17,2.8,58.0,6.0,5.2,10.1,214.2,71.9,33.5,32,5.0,5.37,4.54,1.0,2.0,73,334,2,9.0,2021,2,jax
3.0,C.J. Beathard,28.0,QB,2,0.0,0,2,2,100.0,33,0,0.0,0,0.0,28.0,16.5,16.5,16.5,16.5,118.7,90.3,0,0.0,16.5,16.5,0.0,0.0,1,2,0,0.0,2021,2,jax
15.0,Patrick Mahomes,26.0,QB,17,17.0,12-5-0,436,658,66.3,4839,37,5.6,13,2.0,75.0,7.4,7.6,11.1,284.6,98.5,62.2,28,4.1,6.84,7.07,3.0,3.0,66,381,2,9.0,2021,2,kan
4.0,Chad Henne,36.0,QB,4,0.0,0,11,16,68.8,82,0,0.0,0,0.0,17.0,5.1,5.1,7.5,20.5,80.7,69.2,0,0.0,5.13,5.13,0.0,0.0,8,0,0,2.0,2021,2,kan
4.0,Derek Carr,30.0,QB,17,17.0,10-7-0,428,626,68.4,4804,23,3.7,14,2.2,61.0,7.7,7.4,11.2,282.6,94.0,52.4,40,6.0,6.85,6.6,3.0,6.0,40,108,0,13.0,2021,2,rai
8.0,Marcus Mariota,28.0,QB,10,0.0,0,1,2,50.0,4,0,0.0,0,0.0,4.0,2.0,2.0,4.0,0.4,56.2,40.3,0,0.0,2.0,2.0,0.0,0.0,13,87,1,1.0,2021,2,rai
10.0,Justin Herbert,23.0,QB,17,17.0,9-8-0,443,672,65.9,5014,38,5.7,15,2.2,72.0,7.5,7.6,11.3,294.9,97.7,65.6,31,4.4,6.83,6.95,5.0,5.0,63.0,302.0,3,1.0,2021,2,sdg
9.0,Matthew Stafford,33.0,QB,17,17.0,12-5-0,404,601,67.2,4886,41,6.8,17,2.8,79.0,8.1,8.2,12.1,287.4,102.9,63.8,30,4.8,7.36,7.45,3.0,4.0,32,43,0,5.0,2021,2,ram
13.0,John Wolford,26.0,QB,3,0.0,0,1,4,25.0,5,0,0.0,1,25.0,5.0,1.3,-10.0,5.0,1.7,0.0,0.1,1,20.0,-0.6,-9.6,0.0,0.0,2,-1,0,0.0,2021,2,ram
1.0,Tua Tagovailoa,23.0,QB,13,12.0,7-5-0,263,388,67.8,2653,16,4.1,10,2.6,65.0,6.8,6.5,10.1,204.1,90.1,49.7,20,4.9,6.13,5.81,0.0,2.0,42.0,128.0,3,9.0,2021,2,mia
14.0,Jacoby Brissett,29.0,QB,11,5.0,2-3-0,141,225,62.7,1283,5,2.2,4,1.8,52.0,5.7,5.3,9.1,116.6,78.1,48.2,19,7.8,4.72,4.39,0.0,0.0,19.0,70.0,1,6.0,2021,2,mia
8.0,Kirk Cousins,33.0,QB,16,16.0,8-8-0,372,561,66.3,4221,33,5.9,7,1.2,64.0,7.5,8.1,11.3,263.8,103.1,52.3,28,4.8,6.83,7.42,3.0,4.0,29,115,1,12.0,2021,2,min
14.0,Sean Mannion,29.0,QB,1,1.0,0-1-0,22,36,61.1,189,1,2.8,0,0.0,30.0,5.3,5.8,8.6,189.0,84.1,33.5,2,5.3,4.58,5.11,0.0,0.0,2,14,0,0.0,2021,2,min
11.0,Kellen Mond,22.0,QB,1,0.0,0,2,3,66.7,5,0,0.0,0,0.0,6.0,1.7,1.7,2.5,5.0,70.1,14.9,0,0.0,1.67,1.67,0.0,0.0,0,0,0,0.0,2021,2,min
10.0,Mac Jones,23.0,QB,17,17.0,10-7-0,352,521,67.6,3801,22,4.2,13,2.5,75.0,7.3,7.0,10.8,223.6,92.5,50.9,28,5.1,6.48,6.22,1.0,1.0,44,129,0,7.0,2021,2,nwe
5.0,Brian Hoyer,36.0,QB,5,0.0,0,9,11,81.8,227,1,9.1,0,0.0,48.0,20.6,22.5,25.2,45.4,149.1,97.4,0,0.0,20.64,22.45,0.0,0.0,11,-8,0,0.0,2021,2,nwe
15.0,Trevor Siemian,30.0,QB,6,4.0,0-4-0,108,188,57.4,1154,11,5.9,3,1.6,46.0,6.1,6.6,10.7,192.3,88.4,35.5,9,4.6,5.53,5.96,1.0,1.0,9,20,1,3.0,2021,2,nor
2.0,Jameis Winston,27.0,QB,7,7.0,5-2-0,95,161,59.0,1170,14,8.7,3,1.9,72.0,7.3,8.2,12.3,167.1,102.8,64.4,11,6.4,6.4,7.24,0.0,1.0,32,166,1,2.0,2021,2,nor
7.0,Taysom Hill,31.0,QB,12,9.0,4-1-0,78,134,58.2,978,4,3.0,5,3.7,70.0,7.3,6.2,12.5,81.5,75.4,42.5,9,6.3,6.39,5.38,0.0,0.0,70,374,5,2.0,2021,2,nor
16.0,Ian Book,23.0,QB,1,1.0,0-1-0,12,20,60.0,135,0,0.0,2,10.0,56.0,6.8,2.3,11.3,135.0,40.6,2.2,8,28.6,2.89,-0.32,0.0,0.0,3,6,0,0.0,2021,2,nor
8.0,Daniel Jones,24.0,QB,11,11.0,4-7-0,232,361,64.3,2428,10,2.8,7,1.9,54.0,6.7,6.4,10.5,220.7,84.8,41.5,22,5.7,5.92,5.62,1.0,1.0,62.0,298.0,2,7.0,2021,2,nyg
2.0,Mike Glennon,32.0,QB,6,4.0,0-4-0,90,167,53.9,790,4,2.4,10,6.0,60.0,4.7,2.5,8.8,131.7,49.7,11.9,9,5.1,4.1,2.0,0.0,0.0,7.0,33.0,1,6.0,2021,2,nyg
17.0,Jake Fromm,23.0,QB,3,2.0,0-2-0,27,60,45.0,210,1,1.7,3,5.0,36.0,3.5,1.6,7.8,70.0,38.9,15.4,6,9.1,2.68,0.94,0.0,0.0,8.0,65.0,0,2.0,2021,2,nyg
2.0,Zach Wilson,22.0,QB,13,13.0,3-10-0,213,383,55.6,2334,9,2.3,11,2.9,54.0,6.1,5.3,11.0,179.5,69.7,28.2,44,10.3,4.6,3.86,1.0,1.0,29.0,185.0,4,5.0,2021,2,nyj
5.0,Mike White,26.0,QB,4,3.0,1-2-0,88,132,66.7,953,5,3.8,8,6.1,28.0,7.2,5.3,10.8,238.3,75.1,50.5,4,2.9,6.88,4.96,1.0,1.0,5.0,-1.0,0,0.0,2021,2,nyj
9.0,Josh Johnson,35.0,QB,3,0.0,0,29,45,64.4,334,3,6.7,1,2.2,26.0,7.4,7.8,11.5,111.3,99.7,0.0,2,4.3,6.81,7.13,0.0,0.0,4.0,18.0,0,0.0,2021,2,nyj
19.0,Joe Flacco,36.0,QB,2,1.0,0-1-0,27,42,64.3,338,3,7.1,0,0.0,62.0,8.0,9.5,12.5,169.0,113.0,43.5,2,4.5,7.39,8.75,0.0,0.0,2.0,3.0,0,1.0,2021,2,nyj
1.0,Jalen Hurts,23.0,QB,15,15.0,8-7-0,265,432,61.3,3144,16,3.7,9,2.1,91.0,7.3,7.1,11.9,209.6,87.2,48.5,26,5.7,6.54,6.35,2.0,2.0,139.0,784.0,10,9.0,2021,2,phi
10.0,Gardner Minshew II,25.0,QB,4,2.0,1-1-0,41,60,68.3,439,4,6.7,1,1.7,36.0,7.3,7.9,10.7,109.8,104.8,60.6,5,7.7,6.28,6.82,0.0,0.0,9.0,21.0,0,1.0,2021,2,phi
7.0,Ben Roethlisberger,39.0,QB,16,16.0,9-7-0,390,605,64.5,3740,22,3.6,10,1.7,59.0,6.2,6.2,9.6,233.8,86.8,35.6,38,5.9,5.44,5.43,6.0,7.0,20,5,1,11.0,2021,2,pit
2.0,Mason Rudolph,26.0,QB,2,1.0,0-0-1,35,58,60.3,277,1,1.7,1,1.7,36.0,4.8,4.3,7.9,138.5,70.8,39.5,0,0.0,4.78,4.34,1.0,0.0,5,53,0,1.0,2021,2,pit
10.0,Jimmy Garoppolo,30.0,QB,15,15.0,9-6-0,301,441,68.3,3810,20,4.5,12,2.7,83.0,8.6,8.3,12.7,254.0,98.7,53.3,29,6.2,7.68,7.38,3.0,3.0,38,51,3,8.0,2021,2,sfo
5.0,Trey Lance,21.0,QB,6,2.0,1-1-0,41,71,57.7,603,5,7.0,2,2.8,76.0,8.5,8.6,14.7,100.5,97.3,33.4,4,5.3,7.84,7.97,0.0,0.0,38,168,1,0.0,2021,2,sfo
3.0,Russell Wilson,33.0,QB,14,14.0,6-8-0,259,400,64.8,3113,25,6.3,6,1.5,69.0,7.8,8.4,12.0,222.4,103.1,54.7,33,7.6,6.58,7.11,0.0,1.0,43,183,2,6.0,2021,2,sea
7.0,Geno Smith,31.0,QB,4,3.0,1-2-0,65,95,68.4,702,5,5.3,1,1.1,84.0,7.4,8.0,10.8,175.5,103.0,45.8,13,12.0,5.42,5.93,0.0,0.0,9,42,1,1.0,2021,2,sea
12.0,Tom Brady,44.0,QB,17,17.0,13-4-0,485,719,67.5,5316,43,6.0,12,1.7,62.0,7.4,7.8,11.0,312.7,102.1,68.1,22,3.0,6.98,7.41,3.0,5.0,28,81,2,4.0,2021,2,tam
11.0,Blaine Gabbert,32.0,QB,6,0.0,0,7,11,63.6,67,0,0.0,0,0.0,23.0,6.1,6.1,9.6,11.2,80.5,31.2,1,8.3,4.75,4.75,0.0,0.0,9,-7,0,0.0,2021,2,tam
17.0,Ryan Tannehill,33.0,QB,17,17.0,12-5-0,357,531,67.2,3734,21,4.0,14,2.6,57.0,7.0,6.6,10.5,219.6,89.6,55.9,47,8.1,5.89,5.53,3.0,4.0,55,270,7,10.0,2021,2,oti
4.0,Taylor Heinicke,28.0,QB,16,15.0,7-8-0,321,494,65.0,3419,20,4.0,15,3.0,73.0,6.9,6.4,10.7,213.7,85.9,39.9,38,7.1,5.9,5.39,3.0,4.0,60,313,1,7.0,2021,2,was
19.0,Garrett Gilbert,30.0,QB,1,1.0,0-1-0,20,31,64.5,194,0,0.0,0,0.0,46.0,6.3,6.3,9.7,194.0,81.9,39.6,2,6.1,5.27,5.27,0.0,0.0,0,0,0,0.0,2021,2,was
8.0,Kyle Allen,25.0,QB,2,0.0,0,12,19,63.2,120,1,5.3,0,0.0,19.0,6.3,7.4,10.0,60.0,98.6,24.6,2,9.5,5.48,6.43,0.0,0.0,2,11,0,1.0,2021,2,was
14.0,Ryan Fitzpatrick,39.0,QB,1,1.0,0-1-0,3,6,50.0,13,0,0.0,0,0.0,6.0,2.2,2.2,4.3,13.0,56.2,2.3,1,14.3,1.57,1.57,0.0,0.0,1,2,0,1.0,2021,2,was
1.0,Kyler Murray,23.0,QB,16,16.0,8-8-0,375,558,67.2,3971,26,4.7,12,2.2,80.0,7.1,7.1,10.6,248.2,94.3,61.9,27,4.6,6.49,6.45,3.0,4.0,133,819,11,9.0,2020,3,crd
15.0,Chris Streveler,25.0,QB,5,0.0,0,11,16,68.8,105,1,6.3,1,6.3,19.0,6.6,5.0,9.5,21.0,81.5,29.6,2,11.1,5.28,3.89,0.0,0.0,4,15,0,1.0,2020,3,crd
2.0,Matt Ryan,35.0,QB,16,16.0,4-12-0,407,626,65.0,4581,26,4.2,11,1.8,63.0,7.3,7.4,11.3,286.3,93.3,59.8,41,6.1,6.48,6.52,0.0,0.0,29,92,2,6.0,2020,3,atl
8.0,Lamar Jackson,23.0,QB,15,15.0,11-4-0,242,376,64.4,2757,26,6.9,9,2.4,47.0,7.3,7.6,11.4,183.8,99.3,67.3,29,7.2,6.41,6.7,1.0,1.0,159,1005,7,10.0,2020,3,rav
3.0,Robert Griffin III,30.0,QB,4,1.0,0-1-0,8,14,57.1,42,0,0.0,2,14.3,9.0,3.0,-3.4,5.3,10.5,22.6,20.2,3,17.6,1.29,-4.0,0.0,0.0,12,69,0,1.0,2020,3,rav
7.0,Trace McSorley,25.0,QB,2,0.0,0,3,10,30.0,90,1,10.0,0,0.0,70.0,9.0,11.0,30.0,45.0,97.9,28.9,0,0.0,9.0,11.0,0.0,0.0,5,17,0,0.0,2020,3,rav
2.0,Tyler Huntley,22.0,QB,2,0.0,0,3,5,60.0,15,0,0.0,0,0.0,8.0,3.0,3.0,5.0,7.5,64.6,1.4,0,0.0,3.0,3.0,0.0,0.0,10,23,0,0.0,2020,3,rav
17.0,Josh Allen,24.0,QB,16,16.0,13-3-0,396,572,69.2,4544,37,6.5,10,1.7,55.0,7.9,8.5,11.5,284.0,107.2,76.6,26,4.3,7.33,7.82,2.0,3.0,102.0,421.0,8,9.0,2020,3,buf
5.0,Matt Barkley,30.0,QB,5,0.0,0,11,21,52.4,197,1,4.8,1,4.8,56.0,9.4,8.2,17.9,39.4,80.9,27.4,1,4.5,8.64,7.5,0.0,0.0,6.0,-6.0,0,0.0,2020,3,buf
5.0,Teddy Bridgewater,28.0,QB,15,15.0,4-11-0,340,492,69.1,3733,15,3.0,11,2.2,75.0,7.6,7.2,11.0,248.9,92.1,56.8,31,5.9,6.75,6.37,0.0,0.0,53,279,5,6.0,2020,3,car
6.0,P.J. Walker,25.0,QB,4,1.0,1-0-0,32,56,57.1,368,1,1.8,5,8.9,52.0,6.6,2.9,11.5,92.0,45.8,9.6,4,6.7,5.62,2.2,0.0,0.0,5,-2,0,1.0,2020,3,car
9.0,Nick Foles,31.0,QB,9,7.0,2-5-0,202,312,64.7,1852,10,3.2,8,2.6,50.0,5.9,5.4,9.2,205.8,80.8,36.0,18,5.5,5.17,4.69,2.0,2.0,16,1,1,2.0,2020,3,chi
10.0,Mitchell Trubisky,26.0,QB,10,9.0,6-3-0,199,297,67.0,2055,16,5.4,8,2.7,53.0,6.9,6.8,10.3,205.5,93.5,53.8,18,5.7,6.13,6.0,1.0,1.0,33,195,1,6.0,2020,3,chi
8.0,Tyler Bray,29.0,QB,1,0.0,0,1,5,20.0,18,0,0.0,0,0.0,18.0,3.6,3.6,18.0,18.0,42.1,7.5,0,0.0,3.6,3.6,0.0,0.0,0,0,0,0.0,2020,3,chi
9.0,Joe Burrow,24.0,QB,10,10.0,2-7-1,264,404,65.3,2688,13,3.2,5,1.2,67.0,6.7,6.7,10.2,268.8,89.8,48.5,32,7.3,5.64,5.72,0.0,0.0,37,142,3,9.0,2020,3,cin
8.0,Brandon Allen,28.0,QB,5,5.0,1-4-0,90,142,63.4,925,5,3.5,4,2.8,72.0,6.5,6.0,10.3,185.0,82.0,37.5,7,4.7,5.87,5.33,1.0,1.0,13,27,0,1.0,2020,3,cin
5.0,Ryan Finley,26.0,QB,5,1.0,1-0-0,17,32,53.1,164,1,3.1,2,6.3,30.0,5.1,2.9,9.6,32.8,52.1,41.4,9,22.0,2.46,0.76,0.0,0.0,11,66,1,0.0,2020,3,cin
6.0,Baker Mayfield,25.0,QB,16,16.0,11-5-0,305,486,62.8,3563,26,5.3,8,1.6,75.0,7.3,7.7,11.7,222.7,95.9,65.5,26,5.1,6.64,6.96,2.0,2.0,54,165,1,8.0,2020,3,cle
5.0,Case Keenum,32.0,QB,2,0.0,0,5,10,50.0,46,0,0.0,0,0.0,24.0,4.6,4.6,9.2,23.0,62.9,34.7,0,0.0,4.6,4.6,0.0,0.0,0,0,0,0.0,2020,3,cle
14.0,Andy Dalton,33.0,QB,11,9.0,4-5-0,216,333,64.9,2170,14,4.2,8,2.4,69.0,6.5,6.3,10.0,197.3,87.3,46.1,24,6.7,5.56,5.34,2.0,3.0,28,114,0,2.0,2020,3,dal
4.0,Dak Prescott,27.0,QB,5,5.0,2-3-0,151,222,68.0,1856,9,4.1,4,1.8,58.0,8.4,8.4,12.3,371.2,99.6,73.1,10,4.3,7.72,7.72,1.0,1.0,18,93,3,3.0,2020,3,dal
7.0,Ben DiNucci,24.0,QB,3,1.0,0-1-0,23,43,53.5,219,0,0.0,0,0.0,32.0,5.1,5.1,9.5,73.0,67.9,10.2,7,14.0,2.92,2.92,0.0,0.0,6,22,0,4.0,2020,3,dal
3.0,Garrett Gilbert,29.0,QB,1,1.0,0-1-0,21,38,55.3,243,1,2.6,1,2.6,32.0,6.4,5.7,11.6,243.0,72.6,56.8,2,5.0,5.5,4.88,0.0,0.0,3,28,0,0.0,2020,3,dal
3.0,Drew Lock,24.0,QB,13,13.0,4-9-0,254,443,57.3,2933,16,3.6,15,3.4,92.0,6.6,5.8,11.5,225.6,75.4,41.2,19,4.1,6.08,5.31,1.0,1.0,44,160,3,8.0,2020,3,den
9.0,Jeff Driskel,27.0,QB,3,1.0,0-1-0,35,64,54.7,432,3,4.7,2,3.1,45.0,6.8,6.3,12.3,144.0,78.4,36.1,11,14.7,4.45,4.05,0.0,0.0,6,28,0,0.0,2020,3,den
4.0,Brett Rypien,24.0,QB,3,1.0,1-0-0,27,40,67.5,295,2,5.0,4,10.0,48.0,7.4,3.9,10.9,98.3,66.1,50.3,1,2.4,7.2,3.78,1.0,1.0,5,-5,0,1.0,2020,3,den
9.0,Matthew Stafford,32.0,QB,16,16.0,5-11-0,339,528,64.2,4084,26,4.9,10,1.9,73.0,7.7,7.9,12.0,255.3,96.3,61.3,38,6.7,6.77,6.89,3.0,4.0,29,112,0,2.0,2020,3,det
4.0,Chase Daniel,34.0,QB,4,0.0,0,29,43,67.4,264,1,2.3,2,4.7,28.0,6.1,4.5,9.1,66.0,72.2,15.9,3,6.5,5.11,3.59,0.0,0.0,2,16,0,0.0,2020,3,det
10.0,David Blough,25.0,QB,1,0.0,0,6,10,60.0,49,0,0.0,1,10.0,20.0,4.9,0.4,8.2,49.0,32.9,11.2,1,9.1,3.55,-0.55,0.0,0.0,1,18,0,0.0,2020,3,det
12.0,Aaron Rodgers,37.0,QB,16,16.0,13-3-0,372,526,70.7,4299,48,9.1,5,1.0,78.0,8.2,9.6,11.6,268.7,121.5,79.8,20,3.7,7.54,8.89,1.0,2.0,38,149,3,4.0,2020,3,gnb
8.0,Tim Boyle,26.0,QB,8,0.0,0,0,0,0.0,0,0,0.0,0,0.0,0.0,0.0,0.0,0.0,0.0,0.0,0.0,1,100.0,-11.0,-11.0,0.0,0.0,13,-9,0,1.0,2020,3,gnb
4.0,Deshaun Watson,25.0,QB,16,16.0,4-12-0,382,544,70.2,4823,33,6.1,7,1.3,77.0,8.9,9.5,12.6,301.4,112.4,63.7,49,8.3,7.64,8.22,0.0,0.0,90.0,444.0,3,8.0,2020,3,htx
2.0,A.J. McCarron,30.0,QB,2,0.0,0,1,1,100.0,20,0,0.0,0,0.0,20.0,20.0,20.0,20.0,10.0,118.7,0.0,1,50.0,4.0,4.0,0.0,0.0,0.0,0.0,0,0.0,2020,3,htx
17.0,Philip Rivers,39.0,QB,16,16.0,11-5-0,369,543,68.0,4169,24,4.4,11,2.0,55.0,7.7,7.7,11.3,260.6,97.0,55.0,19,3.4,7.21,7.18,2.0,3.0,18.0,-8.0,0,2.0,2020,3,clt
7.0,Jacoby Brissett,28.0,QB,11,0.0,0,2,8,25.0,17,0,0.0,0,0.0,13.0,2.1,2.1,8.5,1.5,39.6,58.3,2,20.0,0.2,0.2,0.0,0.0,17.0,19.0,3,0.0,2020,3,clt
15.0,Gardner Minshew II,24.0,QB,9,8.0,1-7-0,216,327,66.1,2259,16,4.9,5,1.5,51.0,6.9,7.2,10.5,251.0,95.9,44.0,27,7.6,5.97,6.23,1.0,1.0,29,153,1,5.0,2020,3,jax
2.0,Mike Glennon,31.0,QB,5,5.0,0-5-0,111,179,62.0,1072,7,3.9,5,2.8,46.0,6.0,5.5,9.7,214.4,80.1,29.8,9,4.8,5.42,4.97,0.0,0.0,6,17,0,2.0,2020,3,jax
6.0,Jake Luton,24.0,QB,3,3.0,0-3-0,60,110,54.5,624,2,1.8,6,5.5,73.0,5.7,3.6,10.4,208.0,54.5,32.8,7,6.0,4.89,2.92,0.0,0.0,1,13,1,2.0,2020,3,jax
15.0,Patrick Mahomes,25.0,QB,15,15.0,14-1-0,390,588,66.3,4740,38,6.5,6,1.0,75.0,8.1,8.9,12.2,316.0,108.2,78.1,22,3.6,7.53,8.33,3.0,3.0,62.0,308.0,2,5.0,2020,3,kan
4.0,Chad Henne,35.0,QB,3,1.0,0-1-0,28,38,73.7,248,2,5.3,0,0.0,37.0,6.5,7.6,8.9,82.7,108.2,26.3,2,5.0,6.1,7.1,0.0,0.0,7.0,-2.0,1,2.0,2020,3,kan
4.0,Derek Carr,29.0,QB,16,16.0,8-8-0,348,517,67.3,4103,27,5.2,9,1.7,85.0,7.9,8.2,11.8,256.4,101.4,64.3,26,4.8,7.28,7.53,3.0,5.0,39.0,140.0,3,11.0,2020,3,rai
8.0,Marcus Mariota,27.0,QB,1,0.0,0,17,28,60.7,226,1,3.6,1,3.6,35.0,8.1,7.2,13.3,226.0,83.3,97.4,0,0.0,8.07,7.18,0.0,0.0,9.0,88.0,1,0.0,2020,3,rai
3.0,Nathan Peterman,26.0,QB,1,0.0,0,3,5,60.0,25,0,0.0,0,0.0,12.0,5.0,5.0,8.3,25.0,72.9,24.3,2,28.6,1.29,1.29,0.0,0.0,1.0,9.0,0,0.0,2020,3,rai
10.0,Justin Herbert,22.0,QB,15,15.0,6-9-0,396,595,66.6,4336,31,5.2,10,1.7,72.0,7.3,7.6,10.9,289.1,98.3,62.6,32,5.1,6.57,6.84,1.0,3.0,55,234,5,8.0,2020,3,sdg
5.0,Tyrod Taylor,31.0,QB,2,1.0,1-0-0,16,30,53.3,208,0,0.0,0,0.0,37.0,6.9,6.9,13.0,104.0,75.4,16.6,2,6.3,6.47,6.47,1.0,1.0,6,7,0,0.0,2020,3,sdg
2.0,Easton Stick,25.0,QB,1,0.0,0,1,1,100.0,4,0,0.0,0,0.0,4.0,4.0,4.0,4.0,4.0,83.3,1.3,0,0.0,4.0,4.0,0.0,0.0,1,-2,0,0.0,2020,3,sdg
16.0,Jared Goff,26.0,QB,15,15.0,9-6-0,370,552,67.0,3952,20,3.6,13,2.4,56.0,7.2,6.8,10.7,263.5,90.0,50.8,23,4.0,6.59,6.27,0.0,1.0,51,99,4,7.0,2020,3,ram
9.0,John Wolford,25.0,QB,1,1.0,1-0-0,22,38,57.9,231,0,0.0,1,2.6,38.0,6.1,4.9,10.5,231.0,64.7,68.5,2,5.0,5.58,4.45,0.0,0.0,6,56,0,0.0,2020,3,ram
1.0,Tua Tagovailoa,22.0,QB,10,9.0,6-3-0,186,290,64.1,1814,11,3.8,5,1.7,35.0,6.3,6.2,9.8,181.4,87.1,44.8,20,6.5,5.41,5.4,2.0,2.0,36,109,3,1.0,2020,3,mia
14.0,Ryan Fitzpatrick,38.0,QB,9,7.0,4-3-0,183,267,68.5,2091,13,4.9,8,3.0,70.0,7.8,7.5,11.4,232.3,95.6,70.9,14,5.0,7.21,6.85,1.0,1.0,30,151,2,2.0,2020,3,mia
8.0,Kirk Cousins,32.0,QB,16,16.0,7-9-0,349,516,67.6,4265,35,6.8,13,2.5,71.0,8.3,8.5,12.2,266.6,105.0,55.8,39,7.0,7.22,7.43,1.0,3.0,32,156,1,9.0,2020,3,min
1.0,Cam Newton,31.0,QB,15,15.0,7-8-0,242,368,65.8,2657,8,2.2,10,2.7,50.0,7.2,6.4,11.0,177.1,82.9,39.4,31,7.8,6.17,5.44,1.0,3.0,137,592,12,6.0,2020,3,nwe
4.0,Jarrett Stidham,24.0,QB,5,0.0,0,22,44,50.0,256,2,4.5,3,6.8,38.0,5.8,3.7,11.6,51.2,54.7,12.2,4,8.3,4.9,2.92,0.0,0.0,7,7,0,0.0,2020,3,nwe
2.0,Brian Hoyer,35.0,QB,1,1.0,0-1-0,15,24,62.5,130,0,0.0,1,4.2,25.0,5.4,3.5,8.7,130.0,59.4,22.4,2,7.7,4.31,2.58,0.0,0.0,1,8,0,1.0,2020,3,nwe
9.0,Drew Brees,41.0,QB,12,12.0,9-3-0,275,390,70.5,2942,24,6.2,6,1.5,52.0,7.5,8.1,10.7,245.2,106.4,68.3,13,3.2,7.08,7.6,1.0,3.0,18,-2,2,6.0,2020,3,nor
2.0,Jameis Winston,26.0,QB,4,0.0,0,7,11,63.6,75,0,0.0,0,0.0,19.0,6.8,6.8,10.7,18.8,83.5,12.0,2,15.4,4.92,4.92,0.0,0.0,8,-6,0,0.0,2020,3,nor
8.0,Daniel Jones,23.0,QB,14,14.0,5-9-0,280,448,62.5,2943,11,2.5,10,2.2,53.0,6.6,6.1,10.5,210.2,80.4,54.0,45,9.1,5.39,4.92,0.0,0.0,65.0,423.0,1,10.0,2020,3,nyg
12.0,Colt McCoy,34.0,QB,4,2.0,1-1-0,40,66,60.6,375,1,1.5,1,1.5,35.0,5.7,5.3,9.4,93.8,75.0,29.7,5,7.0,4.94,4.59,0.0,0.0,9.0,12.0,0,1.0,2020,3,nyg
14.0,Sam Darnold,23.0,QB,12,12.0,2-10-0,217,364,59.6,2208,9,2.5,11,3.0,69.0,6.1,5.2,10.2,184.0,72.7,32.9,35,8.8,4.95,4.16,0.0,0.0,37.0,217.0,2,4.0,2020,3,nyj
5.0,Joe Flacco,35.0,QB,5,4.0,0-4-0,74,134,55.2,864,6,4.5,3,2.2,52.0,6.4,6.3,11.7,172.8,80.6,50.3,7,5.0,5.64,5.53,0.0,0.0,6.0,22.0,0,1.0,2020,3,nyj
11.0,Carson Wentz,28.0,QB,12,12.0,3-8-1,251,437,57.4,2620,16,3.7,15,3.4,59.0,6.0,5.2,10.4,218.3,72.8,41.9,50,10.3,4.71,3.98,3.0,2.0,52,276,5,10.0,2020,3,phi
2.0,Jalen Hurts,22.0,QB,15,4.0,1-3-0,77,148,52.0,1061,6,4.1,4,2.7,81.0,7.2,6.8,13.8,70.7,77.6,33.8,13,8.1,6.22,5.85,0.0,0.0,63,354,3,9.0,2020,3,phi
7.0,Nate Sudfeld,27.0,QB,1,0.0,0,5,12,41.7,32,0,0.0,1,8.3,10.0,2.7,-1.1,6.4,32.0,14.6,1.6,2,14.3,1.14,-2.07,0.0,0.0,2,12,0,1.0,2020,3,phi
7.0,Ben Roethlisberger,38.0,QB,15,15.0,12-3-0,399,608,65.6,3803,33,5.4,10,1.6,84.0,6.3,6.6,9.5,253.5,94.1,52.5,13,2.1,5.93,6.27,4.0,4.0,25,11,0,5.0,2020,3,pit
2.0,Mason Rudolph,25.0,QB,5,1.0,0-1-0,25,43,58.1,324,2,4.7,1,2.3,47.0,7.5,7.4,13.0,64.8,87.7,72.7,1,2.3,7.18,7.07,0.0,0.0,7,-6,0,0.0,2020,3,pit
5.0,Joshua Dobbs,25.0,QB,1,0.0,0,4,5,80.0,2,0,0.0,0,0.0,3.0,0.4,0.4,0.5,2.0,79.2,48.7,0,0.0,0.4,0.4,0.0,0.0,2,20,0,0.0,2020,3,pit
4.0,Nick Mullens,25.0,QB,10,8.0,2-6-0,211,326,64.7,2437,12,3.7,12,3.7,49.0,7.5,6.6,11.5,243.7,84.1,36.3,19,5.5,6.66,5.79,1.0,1.0,9,8,0,6.0,2020,3,sfo
10.0,Jimmy Garoppolo,29.0,QB,6,6.0,3-3-0,94,140,67.1,1096,7,5.0,5,3.6,76.0,7.8,7.2,11.7,182.7,92.4,54.0,11,7.3,6.75,6.19,0.0,0.0,10,25,0,2.0,2020,3,sfo
3.0,C.J. Beathard,27.0,QB,6,2.0,1-1-0,66,104,63.5,787,6,5.8,0,0.0,49.0,7.6,8.7,11.9,131.2,105.7,46.0,9,8.0,6.34,7.4,0.0,0.0,6,28,0,3.0,2020,3,sfo
3.0,Russell Wilson,32.0,QB,16,16.0,12-4-0,384,558,68.8,4212,40,7.2,13,2.3,62.0,7.5,7.9,11.0,263.3,105.1,67.1,47,7.8,6.46,6.82,3.0,3.0,83,513,2,7.0,2020,3,sea
7.0,Geno Smith,30.0,QB,1,0.0,0,4,5,80.0,33,0,0.0,0,0.0,14.0,6.6,6.6,8.3,33.0,94.2,3.9,1,16.7,5.0,5.0,0.0,0.0,2,-2,0,1.0,2020,3,sea
12.0,Tom Brady,43.0,QB,16,16.0,11-5-0,401,610,65.7,4633,40,6.6,12,2.0,50.0,7.6,8.0,11.6,289.6,102.2,66.0,21,3.3,7.12,7.53,3.0,3.0,30,6,3,4.0,2020,3,tam
11.0,Blaine Gabbert,31.0,QB,4,0.0,0,9,16,56.3,143,2,12.5,0,0.0,35.0,8.9,11.4,15.9,35.8,125.8,53.1,1,5.9,8.0,10.35,0.0,0.0,9,16,0,1.0,2020,3,tam
17.0,Ryan Tannehill,32.0,QB,16,16.0,11-5-0,315,481,65.5,3819,33,6.9,7,1.5,75.0,7.9,8.7,12.1,238.7,106.5,72.6,24,4.8,7.22,7.9,5.0,6.0,43.0,266.0,7,6.0,2020,3,oti
5.0,Logan Woodside,25.0,QB,6,0.0,0,1,3,33.3,7,0,0.0,0,0.0,7.0,2.3,2.3,7.0,1.2,42.4,65.1,0,0.0,2.33,2.33,0.0,0.0,7.0,10.0,0,0.0,2020,3,oti
11.0,Alex Smith,36.0,QB,8,6.0,5-1-0,168,252,66.7,1582,6,2.4,8,3.2,68.0,6.3,5.3,9.4,197.8,78.5,28.2,22,8.0,5.27,4.39,1.0,1.0,10,3,0,2.0,2020,3,was
7.0,Dwayne Haskins,23.0,QB,7,6.0,1-5-0,148,241,61.4,1439,5,2.1,7,2.9,50.0,6.0,5.1,9.7,205.6,73.0,24.8,20,7.7,4.97,4.15,1.0,1.0,20,46,1,6.0,2020,3,was
8.0,Kyle Allen,24.0,QB,4,4.0,1-3-0,60,87,69.0,610,4,4.6,1,1.1,52.0,7.0,7.4,10.2,152.5,99.3,68.2,7,7.4,6.02,6.39,0.0,0.0,7,26,1,1.0,2020,3,was
4.0,Taylor Heinicke,27.0,QB,1,0.0,0,12,19,63.2,137,1,5.3,0,0.0,29.0,7.2,8.3,11.4,137.0,102.3,40.7,1,5.0,6.5,7.5,0.0,0.0,3,22,0,0.0,2020,3,was
1.0,Kyler Murray,22.0,QB,16,16.0,5-10-1,349,542,64.4,3722,20,3.7,12,2.2,88.0,6.9,6.6,10.7,232.6,87.4,57.7,48,8.1,5.78,5.55,1.0,2.0,93,544,4,5.0,2019,4,crd
7.0,Brett Hundley,26.0,QB,3,0.0,0,5,11,45.5,49,0,0.0,0,0.0,28.0,4.5,4.5,9.8,16.3,58.5,80.6,2,15.4,2.92,2.92,0.0,0.0,7,41,0,0.0,2019,4,crd
2.0,Matt Ryan,34.0,QB,15,15.0,7-8-0,408,616,66.2,4466,26,4.2,14,2.3,93.0,7.3,7.1,10.9,297.7,92.1,59.6,48,7.2,6.25,6.08,3.0,2.0,34,147,1,9.0,2019,4,atl
8.0,Matt Schaub,38.0,QB,6,1.0,0-1-0,50,67,74.6,580,3,4.5,1,1.5,35.0,8.7,8.9,11.6,96.7,109.0,80.2,2,2.9,8.13,8.35,0.0,0.0,3,-3,0,1.0,2019,4,atl
8.0,Lamar Jackson,22.0,QB,15,15.0,13-2-0,265,401,66.1,3127,36,9.0,6,1.5,83.0,7.8,8.9,11.8,208.5,113.3,83.0,23,5.4,7.13,8.19,1.0,2.0,176,1206,7,9.0,2019,4,rav
3.0,Robert Griffin III,29.0,QB,7,1.0,1-0-0,23,38,60.5,225,1,2.6,2,5.3,39.0,5.9,4.1,9.8,32.1,64.0,54.9,5,11.6,4.79,3.16,0.0,0.0,20,70,0,0.0,2019,4,rav
17.0,Josh Allen,23.0,QB,16,16.0,10-6-0,271,461,58.8,3089,20,4.3,9,2.0,53.0,6.7,6.7,11.4,193.1,85.3,49.4,38,7.6,5.72,5.71,4.0,5.0,109,510,9,14.0,2019,4,buf
5.0,Matt Barkley,29.0,QB,2,0.0,0,27,51,52.9,359,0,0.0,3,5.9,41.0,7.0,4.4,13.3,179.5,51.0,10.3,2,3.8,6.58,4.04,0.0,0.0,2,-4,0,3.0,2019,4,buf
7.0,Kyle Allen,23.0,QB,13,12.0,5-7-0,303,489,62.0,3322,17,3.5,16,3.3,52.0,6.8,6.0,11.0,255.5,80.0,38.3,46,8.6,5.47,4.76,0.0,1.0,32,106,2,13.0,2019,4,car
1.0,Cam Newton,30.0,QB,2,2.0,0-2-0,50,89,56.2,572,0,0.0,1,1.1,44.0,6.4,5.9,11.4,286.0,71.0,22.5,6,6.3,5.57,5.09,0.0,0.0,5,-2,0,2.0,2019,4,car
3.0,Will Grier,24.0,QB,2,2.0,0-2-0,28,52,53.8,228,0,0.0,4,7.7,28.0,4.4,0.9,8.1,114.0,33.2,2.8,6,10.3,3.17,0.07,0.0,0.0,7,22,0,1.0,2019,4,car
10.0,Mitchell Trubisky,25.0,QB,15,15.0,8-7-0,326,516,63.2,3138,17,3.3,10,1.9,53.0,6.1,5.9,9.6,209.2,83.0,41.5,38,6.9,5.24,5.04,3.0,3.0,48,193,2,5.0,2019,4,chi
4.0,Chase Daniel,33.0,QB,3,1.0,0-1-0,45,64,70.3,435,3,4.7,2,3.1,37.0,6.8,6.3,9.7,145.0,91.6,59.6,7,9.9,5.45,5.03,0.0,0.0,6,6,0,0.0,2019,4,chi
14.0,Andy Dalton,32.0,QB,13,13.0,2-11-0,314,528,59.5,3494,16,3.0,14,2.7,66.0,6.6,6.0,11.1,268.8,78.3,42.1,37,6.5,5.74,5.19,0.0,0.0,32,73,4,8.0,2019,4,cin
5.0,Ryan Finley,25.0,QB,3,3.0,0-3-0,41,87,47.1,474,2,2.3,2,2.3,47.0,5.4,4.9,11.6,158.0,62.1,25.0,11,11.2,3.89,3.38,0.0,0.0,10,77,0,4.0,2019,4,cin
6.0,Baker Mayfield,24.0,QB,16,16.0,6-10-0,317,534,59.4,3827,22,4.1,21,3.9,89.0,7.2,6.2,12.1,239.2,78.8,54.4,40,7.0,6.17,5.29,1.0,1.0,28,141,3,6.0,2019,4,cle
3.0,Garrett Gilbert,28.0,QB,5,0.0,0,0,3,0.0,0,0,0.0,0,0.0,0.0,0.0,0.0,0.0,0.0,39.6,22.8,0,0.0,0.0,0.0,0.0,0.0,3,-3,0,0.0,2019,4,cle
4.0,Dak Prescott,26.0,QB,16,16.0,8-8-0,388,596,65.1,4902,30,5.0,11,1.8,62.0,8.2,8.4,12.6,306.4,99.7,71.9,23,3.7,7.68,7.84,0.0,0.0,52,277,3,6.0,2019,4,dal
5.0,Joe Flacco,34.0,QB,8,8.0,2-6-0,171,262,65.3,1822,6,2.3,5,1.9,70.0,7.0,6.6,10.7,227.8,85.1,50.8,26,9.0,5.65,5.29,0.0,0.0,12,20,0,8.0,2019,4,den
3.0,Drew Lock,23.0,QB,5,5.0,4-1-0,100,156,64.1,1020,7,4.5,3,1.9,48.0,6.5,6.6,10.2,204.0,89.7,50.2,5,3.1,6.17,6.2,1.0,2.0,18,72,0,3.0,2019,4,den
2.0,Brandon Allen,27.0,QB,3,3.0,1-2-0,39,84,46.4,515,3,3.6,2,2.4,75.0,6.1,5.8,13.2,171.7,68.3,40.1,9,9.7,4.9,4.58,0.0,0.0,10,39,0,0.0,2019,4,den
9.0,Matthew Stafford,31.0,QB,8,8.0,3-4-1,187,291,64.3,2499,19,6.5,5,1.7,66.0,8.6,9.1,13.4,312.4,106.0,71.3,18,5.8,7.64,8.15,2.0,1.0,20.0,66.0,0,5.0,2019,4,det
10.0,David Blough,24.0,QB,5,5.0,0-5-0,94,174,54.0,984,4,2.3,6,3.4,75.0,5.7,4.6,10.5,196.8,64.0,34.0,14,7.4,4.68,3.67,0.0,0.0,8.0,31.0,0,1.0,2019,4,det
2.0,Jeff Driskel,26.0,QB,3,3.0,0-3-0,62,105,59.0,685,4,3.8,4,3.8,47.0,6.5,5.6,11.0,228.3,75.3,49.9,11,9.5,5.51,4.65,0.0,0.0,22.0,151.0,1,1.0,2019,4,det
12.0,Aaron Rodgers,36.0,QB,16,16.0,13-3-0,353,569,62.0,4002,26,4.6,4,0.7,74.0,7.0,7.6,11.3,250.1,95.4,52.5,36,6.0,6.15,6.71,2.0,3.0,46,183,1,4.0,2019,4,gnb
8.0,Tim Boyle,25.0,QB,3,0.0,0,3,4,75.0,15,0,0.0,0,0.0,7.0,3.8,3.8,5.0,5.0,80.2,96.7,0,0.0,3.75,3.75,0.0,0.0,5,-7,0,0.0,2019,4,gnb
4.0,Deshaun Watson,24.0,QB,15,15.0,10-5-0,333,495,67.3,3852,26,5.3,12,2.4,54.0,7.8,7.7,11.6,256.8,98.0,70.5,44,8.2,6.67,6.63,3.0,5.0,82,413,7,10.0,2019,4,htx
2.0,A.J. McCarron,29.0,QB,2,1.0,0-1-0,21,37,56.8,225,0,0.0,1,2.7,21.0,6.1,4.9,10.7,112.5,63.5,27.1,5,11.9,4.33,3.26,0.0,0.0,5,39,1,0.0,2019,4,htx
7.0,Jacoby Brissett,27.0,QB,15,15.0,7-8-0,272,447,60.9,2942,18,4.0,6,1.3,50.0,6.6,6.8,10.8,196.1,88.0,52.1,27,5.7,5.87,6.06,2.0,2.0,56,228,4,7.0,2019,4,clt
2.0,Brian Hoyer,34.0,QB,4,1.0,0-1-0,35,65,53.8,372,4,6.2,4,6.2,23.0,5.7,4.2,10.6,93.0,65.7,17.4,5,7.1,4.64,3.21,0.0,0.0,8,2,0,2.0,2019,4,clt
15.0,Gardner Minshew II,23.0,QB,14,12.0,6-6-0,285,470,60.6,3271,21,4.5,6,1.3,70.0,7.0,7.3,11.5,233.6,91.2,44.6,33,6.6,6.14,6.44,3.0,3.0,67,344,0,12.0,2019,4,jax
7.0,Nick Foles,30.0,QB,4,4.0,0-4-0,77,117,65.8,736,3,2.6,2,1.7,39.0,6.3,6.0,9.6,184.0,84.6,35.5,8,6.4,5.41,5.17,0.0,0.0,4,23,0,2.0,2019,4,jax
15.0,Patrick Mahomes,24.0,QB,14,14.0,11-3-0,319,484,65.9,4031,26,5.4,5,1.0,83.0,8.3,8.9,12.6,287.9,105.3,77.7,17,3.4,7.79,8.38,1.0,1.0,43,218,2,3.0,2019,4,kan
8.0,Matt Moore,35.0,QB,6,2.0,1-1-0,59,91,64.8,659,4,4.4,0,0.0,57.0,7.2,8.1,11.2,109.8,100.9,57.5,8,8.1,6.0,6.81,1.0,1.0,5,-1,0,2.0,2019,4,kan
4.0,Derek Carr,28.0,QB,16,16.0,7-9-0,361,513,70.4,4054,21,4.1,8,1.6,75.0,7.9,8.0,11.2,253.4,100.8,64.1,29,5.4,7.14,7.25,2.0,3.0,27,82,2,7.0,2019,4,rai
7.0,Mike Glennon,30.0,QB,2,0.0,0,6,10,60.0,56,1,10.0,0,0.0,19.0,5.6,7.6,9.3,28.0,108.7,25.2,0,0.0,5.6,7.6,0.0,0.0,2,0,0,3.0,2019,4,rai
17.0,Philip Rivers,38.0,QB,16,16.0,5-11-0,390,591,66.0,4615,23,3.9,20,3.4,84.0,7.8,7.1,11.8,288.4,88.5,50.5,34,5.4,7.03,6.32,1.0,2.0,12,29,0,8.0,2019,4,sdg
5.0,Tyrod Taylor,30.0,QB,8,0.0,0,4,6,66.7,33,1,16.7,0,0.0,14.0,5.5,8.8,8.3,4.1,120.1,3.3,0,0.0,5.5,8.83,0.0,0.0,10,7,0,0.0,2019,4,sdg
16.0,Jared Goff,25.0,QB,16,16.0,9-7-0,394,626,62.9,4638,22,3.5,16,2.6,66.0,7.4,7.0,11.8,289.9,86.5,50.6,22,3.4,6.9,6.46,1.0,2.0,33,40,2,10.0,2019,4,ram
5.0,Blake Bortles,27.0,QB,3,0.0,0,1,2,50.0,3,0,0.0,0,0.0,3.0,1.5,1.5,3.0,1.0,56.2,0.1,0,0.0,1.5,1.5,0.0,0.0,2,-9,0,0.0,2019,4,ram
14.0,Ryan Fitzpatrick,37.0,QB,15,13.0,5-8-0,311,502,62.0,3529,20,4.0,13,2.6,51.0,7.0,6.7,11.3,235.3,85.5,68.3,40,7.4,6.13,5.78,3.0,4.0,54.0,243.0,4,9.0,2019,4,mia
3.0,Josh Rosen,22.0,QB,6,3.0,0-3-0,58,109,53.2,567,1,0.9,5,4.6,40.0,5.2,3.3,9.8,94.5,52.0,19.7,16,12.8,3.79,2.15,0.0,0.0,3.0,13.0,0,1.0,2019,4,mia
8.0,Kirk Cousins,31.0,QB,15,15.0,10-5-0,307,444,69.1,3603,26,5.9,6,1.4,66.0,8.1,8.7,11.7,240.2,107.4,60.4,28,5.9,7.2,7.73,1.0,1.0,31,63,1,10.0,2019,4,min
4.0,Sean Mannion,27.0,QB,3,1.0,0-1-0,12,21,57.1,126,0,0.0,2,9.5,35.0,6.0,1.7,10.5,42.0,35.1,26.4,0,0.0,6.0,1.71,0.0,0.0,6,-5,0,1.0,2019,4,min
12.0,Tom Brady,42.0,QB,16,16.0,12-4-0,373,613,60.8,4057,24,3.9,8,1.3,59.0,6.6,6.8,10.9,253.6,88.0,55.7,27,4.2,6.05,6.24,1.0,1.0,26,34,3,4.0,2019,4,nwe
4.0,Jarrett Stidham,23.0,QB,3,0.0,0,2,4,50.0,14,0,0.0,1,25.0,11.0,3.5,-7.8,7.0,4.7,18.7,0.1,1,20.0,1.4,-7.6,0.0,0.0,2,-2,0,0.0,2019,4,nwe
9.0,Drew Brees,40.0,QB,11,11.0,8-3-0,281,378,74.3,2979,27,7.1,4,1.1,61.0,7.9,8.8,10.6,270.8,116.3,73.3,12,3.1,7.41,8.33,1.0,2.0,9,-4,1,0.0,2019,4,nor
5.0,Teddy Bridgewater,27.0,QB,9,5.0,5-0-0,133,196,67.9,1384,9,4.6,2,1.0,45.0,7.1,7.5,10.4,153.8,99.1,50.9,12,5.8,6.23,6.66,1.0,2.0,28,31,0,1.0,2019,4,nor
8.0,Daniel Jones,22.0,QB,13,12.0,3-9-0,284,459,61.9,3027,24,5.2,12,2.6,75.0,6.6,6.5,10.7,232.8,87.7,55.7,38,7.6,5.5,5.38,1.0,2.0,45,279,2,19.0,2019,4,nyg
10.0,Eli Manning,38.0,QB,4,4.0,1-3-0,91,147,61.9,1042,6,4.1,5,3.4,55.0,7.1,6.4,11.5,260.5,82.6,36.2,5,3.3,6.57,5.88,0.0,0.0,4,7,0,3.0,2019,4,nyg
3.0,Alex Tanney,32.0,QB,1,0.0,0,1,1,100.0,1,0,0.0,0,0.0,1.0,1.0,1.0,1.0,1.0,79.2,1.4,0,0.0,1.0,1.0,0.0,0.0,0,0,0,0.0,2019,4,nyg
14.0,Sam Darnold,22.0,QB,13,13.0,7-6-0,273,441,61.9,3024,19,4.3,13,2.9,92.0,6.9,6.4,11.1,232.6,84.3,45.6,33,7.0,5.93,5.5,2.0,3.0,33,62,2,11.0,2019,4,nyj
8.0,Luke Falk,25.0,QB,3,2.0,0-2-0,47,73,64.4,416,0,0.0,3,4.1,36.0,5.7,3.8,8.9,138.7,62.4,9.6,16,18.0,3.6,2.08,0.0,0.0,0,0,0,0.0,2019,4,nyj
19.0,Trevor Siemian,28.0,QB,1,1.0,0-1-0,3,6,50.0,3,0,0.0,0,0.0,3.0,0.5,0.5,1.0,3.0,56.2,1.2,2,25.0,-1.75,-1.75,0.0,0.0,0,0,0,0.0,2019,4,nyj
3.0,David Fales,29.0,QB,2,0.0,0,0,0,0.0,0,0,0.0,0,0.0,0.0,0.0,0.0,0.0,0.0,0.0,3.8,1,100.0,-7.0,-7.0,0.0,0.0,0,0,0,0.0,2019,4,nyj
11.0,Carson Wentz,27.0,QB,16,16.0,9-7-0,388,607,63.9,4039,27,4.4,7,1.2,53.0,6.7,7.0,10.4,252.4,93.1,62.8,37,5.7,5.91,6.26,2.0,4.0,62,243,1,16.0,2019,4,phi
18.0,Josh McCown,40.0,QB,3,0.0,0,3,5,60.0,24,0,0.0,0,0.0,13.0,4.8,4.8,8.0,8.0,72.1,54.3,0,0.0,4.8,4.8,0.0,0.0,2,-2,0,0.0,2019,4,phi
2.0,Mason Rudolph,24.0,QB,10,8.0,5-3-0,176,283,62.2,1765,13,4.6,9,3.2,76.0,6.2,5.7,10.0,176.5,82.0,36.2,15,5.0,5.51,5.02,1.0,1.0,21,42,0,4.0,2019,4,pit
6.0,Devlin Hodges,23.0,QB,8,6.0,3-3-0,100,160,62.5,1063,5,3.1,8,5.0,79.0,6.6,5.0,10.6,132.9,71.4,31.8,15,8.6,5.49,4.01,0.0,1.0,21,68,0,5.0,2019,4,pit
7.0,Ben Roethlisberger,37.0,QB,2,2.0,0-2-0,35,62,56.5,351,0,0.0,1,1.6,45.0,5.7,4.9,10.0,175.5,66.0,28.8,2,3.1,5.38,4.67,0.0,0.0,1,7,0,1.0,2019,4,pit
10.0,Jimmy Garoppolo,28.0,QB,16,16.0,13-3-0,329,476,69.1,3978,27,5.7,13,2.7,75.0,8.4,8.3,12.1,248.6,102.0,60.8,36,7.0,7.31,7.22,4.0,4.0,46.0,62.0,1,10.0,2019,4,sfo
3.0,Russell Wilson,31.0,QB,16,16.0,11-5-0,341,516,66.1,4110,31,6.0,5,1.0,60.0,8.0,8.7,12.1,256.9,106.3,71.5,48,8.5,6.72,7.42,4.0,5.0,75.0,342.0,3,8.0,2019,4,sea
3.0,Jameis Winston,25.0,QB,16,16.0,7-9-0,380,626,60.7,5109,33,5.3,30,4.8,71.0,8.2,7.1,13.4,319.3,84.3,55.7,47,7.0,7.17,6.15,2.0,2.0,59,250,1,12.0,2019,4,tam
4.0,Ryan Griffin,30.0,QB,2,0.0,0,2,4,50.0,18,0,0.0,0,0.0,13.0,4.5,4.5,9.0,9.0,62.5,32.4,0,0.0,4.5,4.5,0.0,0.0,4,-1,0,0.0,2019,4,tam
17.0,Ryan Tannehill,31.0,QB,12,10.0,7-3-0,201,286,70.3,2742,22,7.7,6,2.1,91.0,9.6,10.2,13.6,228.5,117.5,64.2,31,9.8,7.98,8.52,2.0,3.0,43,185,4,5.0,2019,4,oti
8.0,Marcus Mariota,26.0,QB,7,6.0,2-4-0,95,160,59.4,1203,7,4.4,2,1.3,75.0,7.5,7.8,12.7,171.9,92.3,35.5,25,13.5,5.63,5.9,0.0,0.0,24,129,0,3.0,2019,4,oti
8.0,Case Keenum,31.0,QB,10,8.0,1-7-0,160,247,64.8,1707,11,4.5,5,2.0,69.0,6.9,6.9,10.7,170.7,91.3,45.6,15,5.7,5.96,5.94,0.0,0.0,9.0,12.0,1,6.0,2019,4,was
7.0,Dwayne Haskins,22.0,QB,9,7.0,2-5-0,119,203,58.6,1365,7,3.4,7,3.4,75.0,6.7,5.9,11.5,151.7,76.1,28.0,29,12.5,5.0,4.25,1.0,1.0,20.0,101.0,0,6.0,2019,4,was
12.0,Colt McCoy,33.0,QB,1,1.0,0-1-0,18,27,66.7,122,0,0.0,1,3.7,22.0,4.5,2.9,6.8,122.0,61.0,14.9,6,18.2,2.36,1.0,0.0,0.0,2.0,14.0,0,2.0,2019,4,was
