Penalty,Games,Name,Age,Tgt,Rec,RushingYds,RushingTD,RushingAtt,ReceivingYds,ReceivingTD,Fumbles,PPG,ol,rb,wr,qb,te
1.0,8,Andre Baccellia,26.0,1.25,0.875,0.0,0.0,0.0,5.625,0.0,0.0,0.5625,4.999999999999999,5.199999999999999,5.430000000000001,8.0,2.8000000000000003
1.0,12,Marquise Brown,26.0,8.916666666666666,5.583333333333333,0.08333333333333333,0.0,0.08333333333333333,59.083333333333336,0.25,0.08333333333333333,7.250000000000001,4.999999999999999,5.199999999999999,5.430000000000001,8.0,2.8000000000000003
1.0,9,Corey Clement,29.0,0.7777777777777778,0.5555555555555556,6.111111111111111,0.1111111111111111,1.6666666666666667,6.0,0.0,0.0,1.8777777777777778,4.999999999999999,5.199999999999999,5.430000000000001,8.0,2.8000000000000003
1.0,13,James Conner,28.0,4.461538461538462,3.5384615384615383,60.15384615384615,0.5384615384615384,14.076923076923077,23.076923076923077,0.07692307692307693,0.23076923076923078,11.553846153846155,4.999999999999999,5.199999999999999,5.430000000000001,8.0,2.8000000000000003
0.8769230769230769,13,Pharoh Cooper,28.0,1.0,0.46153846153846156,1.3846153846153846,0.0,0.38461538461538464,3.0,0.0,0.0,0.4384615384615385,4.999999999999999,5.199999999999999,5.430000000000001,8.0,2.8000000000000003
1.0,16,Greg Dortch,25.0,4.0,3.25,2.75,0.0,0.4375,29.1875,0.125,0.0625,3.81875,4.999999999999999,5.199999999999999,5.430000000000001,8.0,2.8000000000000003
1.0,10,Zach Ertz,33.0,6.9,4.7,0.0,0.0,0.0,40.6,0.4,0.0,6.460000000000001,4.999999999999999,5.199999999999999,5.430000000000001,8.0,2.8000000000000003
1.0,9,DeAndre Hopkins,31.0,10.666666666666666,7.111111111111111,0.0,0.0,0.0,79.66666666666667,0.3333333333333333,0.2222222222222222,9.522222222222224,4.999999999999999,5.199999999999999,5.430000000000001,8.0,2.8000000000000003
1.0,12,Keaontay Ingram,24.0,0.4166666666666667,0.3333333333333333,5.0,0.08333333333333333,2.25,1.75,0.0,0.0,1.175,4.999999999999999,5.199999999999999,5.430000000000001,8.0,2.8000000000000003
1.0,16,Trey McBride,24.0,2.4375,1.8125,0.0,0.0,0.0,16.5625,0.0625,0.0625,1.90625,4.999999999999999,5.199999999999999,5.430000000000001,8.0,2.8000000000000003
1.0,8,Rondale Moore,23.0,7.0,5.125,-0.625,0.0,0.75,51.75,0.125,0.0,5.862500000000001,4.999999999999999,5.199999999999999,5.430000000000001,8.0,2.8000000000000003
1.0,17,Zach Pascal,29.0,1.1176470588235294,0.8823529411764706,0.0,0.0,0.058823529411764705,8.823529411764707,0.058823529411764705,0.0,1.2352941176470589,4.999999999999999,5.199999999999999,5.430000000000001,8.0,2.8000000000000003
0.8,7,Auden Tate,26.0,0.5714285714285714,0.42857142857142855,0.0,0.0,0.0,5.571428571428571,0.14285714285714285,0.0,1.4142857142857141,4.999999999999999,5.199999999999999,5.430000000000001,8.0,2.8000000000000003
0.8142857142857143,14,Ty\'Son Williams,27.0,0.9285714285714286,0.7142857142857143,13.214285714285714,0.07142857142857142,2.5,6.357142857142857,0.0,0.07142857142857142,2.242857142857143,4.999999999999999,5.199999999999999,5.430000000000001,8.0,2.8000000000000003
0.6,13,Javon Wims,29.0,0.9230769230769231,0.46153846153846156,0.15384615384615385,0.0,0.07692307692307693,3.6923076923076925,0.07692307692307693,0.0,0.8461538461538463,4.999999999999999,5.199999999999999,5.430000000000001,8.0,2.8000000000000003
1.0,16,Tyler Allgeier,23.0,1.0625,1.0,64.6875,0.1875,13.125,8.6875,0.0625,0.0,8.8375,7.200000000000001,7.699999999999999,6.335000000000001,6.0,3.6
0.8666666666666667,15,Frank Darby,26.0,0.3333333333333333,0.13333333333333333,0.0,0.0,0.0,1.9333333333333333,0.0,0.0,0.19333333333333336,7.200000000000001,7.699999999999999,6.335000000000001,6.0,3.6
1.0,11,Feleipe Franks,26.0,0.18181818181818182,0.0,0.0,0.0,0.09090909090909091,0.0,0.0,0.0,0.0,7.200000000000001,7.699999999999999,6.335000000000001,6.0,3.6
1.0,17,Parker Hesse,28.0,0.6470588235294118,0.5294117647058824,0.0,0.0,0.0,5.235294117647059,0.0,0.0,0.5235294117647059,7.200000000000001,7.699999999999999,6.335000000000001,6.0,3.6
1.0,17,KhaDarel Hodge,28.0,1.1764705882352942,0.7647058823529411,0.0,0.0,0.0,11.882352941176471,0.058823529411764705,0.0,1.5411764705882351,7.200000000000001,7.699999999999999,6.335000000000001,6.0,3.6
1.0,17,Mack Hollins,30.0,5.529411764705882,3.3529411764705883,2.3529411764705883,0.0,0.23529411764705882,40.588235294117645,0.23529411764705882,0.0,5.705882352941176,7.200000000000001,7.699999999999999,6.335000000000001,6.0,3.6
1.0,12,Caleb Huntley,25.0,0.16666666666666666,0.16666666666666666,30.5,0.08333333333333333,6.333333333333333,0.25,0.0,0.08333333333333333,3.4083333333333337,7.200000000000001,7.699999999999999,6.335000000000001,6.0,3.6
1.0,17,Drake London,22.0,6.882352941176471,4.235294117647059,0.0,0.0,0.0,50.94117647058823,0.23529411764705882,0.17647058823529413,6.152941176470589,7.200000000000001,7.699999999999999,6.335000000000001,6.0,3.6
1.0,15,Scott Miller,26.0,2.6666666666666665,1.5333333333333334,0.5333333333333333,0.0,0.06666666666666667,12.333333333333334,0.0,0.0,1.2866666666666666,7.200000000000001,7.699999999999999,6.335000000000001,6.0,3.6
1.0,13,Cordarrelle Patterson,32.0,2.3846153846153846,1.6153846153846154,53.46153846153846,0.6153846153846154,11.076923076923077,9.384615384615385,0.0,0.07692307692307693,9.823076923076925,7.200000000000001,7.699999999999999,6.335000000000001,6.0,3.6
1.0,10,Kyle Pitts,23.0,5.9,2.8,0.0,0.0,0.0,35.6,0.2,0.0,4.760000000000001,7.200000000000001,7.699999999999999,6.335000000000001,6.0,3.6
1.0,14,Jonnu Smith,28.0,2.7142857142857144,1.9285714285714286,0.35714285714285715,0.0,0.07142857142857142,17.5,0.0,0.07142857142857142,1.642857142857143,7.200000000000001,7.699999999999999,6.335000000000001,6.0,3.6
1.0,17,Keith Smith,31.0,0.11764705882352941,0.058823529411764705,0.11764705882352941,0.0,0.058823529411764705,0.47058823529411764,0.0,0.0,0.058823529411764705,7.200000000000001,7.699999999999999,6.335000000000001,6.0,3.6
1.0,17,Avery Williams,25.0,0.8235294117647058,0.7647058823529411,6.411764705882353,0.058823529411764705,1.2941176470588236,3.588235294117647,0.0,0.058823529411764705,1.2352941176470589,7.200000000000001,7.699999999999999,6.335000000000001,6.0,3.6
1.0,16,Nelson Agholor,30.0,3.3125,1.9375,0.0,0.0,0.0,22.625,0.125,0.125,2.7625,5.6000000000000005,3.7,4.140000000000001,12.0,7.2
1.0,15,Mark Andrews,28.0,7.533333333333333,4.866666666666666,0.5333333333333333,0.0,0.2,56.46666666666667,0.3333333333333333,0.06666666666666667,7.566666666666667,5.6000000000000005,3.7,4.140000000000001,12.0,7.2
0.8666666666666667,18,Rashod Bateman,24.0,5.333333333333333,3.388888888888889,0.0,0.0,0.0,44.44444444444444,0.16666666666666666,0.05555555555555555,5.333333333333334,5.6000000000000005,3.7,4.140000000000001,12.0,7.2
0.8,14,Odell Beckham Jr.,31.0,5.857142857142857,3.142857142857143,1.0,0.0,0.14285714285714285,38.357142857142854,0.35714285714285715,0.0,6.078571428571428,5.6000000000000005,3.7,4.140000000000001,12.0,7.2
1.0,8,J.K. Dobbins,25.0,1.0,0.875,65.0,0.25,11.5,5.25,0.125,0.0,9.275,5.6000000000000005,3.7,4.140000000000001,12.0,7.2
1.0,14,Devin Duvernay,26.0,3.5,2.642857142857143,6.0,0.07142857142857142,0.8571428571428571,29.071428571428573,0.21428571428571427,0.07142857142857142,5.078571428571428,5.6000000000000005,3.7,4.140000000000001,12.0,7.2
1.0,9,Gus Edwards,28.0,0.2222222222222222,0.0,48.111111111111114,0.3333333333333333,9.666666666666666,0.0,0.0,0.1111111111111111,6.5888888888888895,5.6000000000000005,3.7,4.140000000000001,12.0,7.2
1.0,15,Justice Hill,26.0,0.8,0.8,17.466666666666665,0.0,3.2666666666666666,3.8666666666666667,0.0,0.13333333333333333,1.8666666666666667,5.6000000000000005,3.7,4.140000000000001,12.0,7.2
0.8769230769230769,13,Andy Isabella,27.0,0.46153846153846156,0.23076923076923078,0.07692307692307693,0.0,0.07692307692307693,2.6153846153846154,0.0,0.0,0.2692307692307693,5.6000000000000005,3.7,4.140000000000001,12.0,7.2
1.0,16,Isaiah Likely,23.0,3.75,2.25,0.0,0.0,0.0,23.3125,0.1875,0.0,3.4562500000000003,5.6000000000000005,3.7,4.140000000000001,12.0,7.2
1.0,15,James Proche,27.0,1.1333333333333333,0.5333333333333333,0.0,0.0,0.0,4.133333333333334,0.0,0.0,0.4133333333333334,5.6000000000000005,3.7,4.140000000000001,12.0,7.2
1.0,17,Patrick Ricard,29.0,0.7647058823529411,0.6470588235294118,0.9411764705882353,0.0,0.4117647058823529,4.352941176470588,0.0,0.0,0.5294117647058824,5.6000000000000005,3.7,4.140000000000001,12.0,7.2
1.0,10,Mike Thomas,29.0,1.0,0.2,0.0,0.0,0.0,3.8,0.0,0.0,0.38,5.6000000000000005,3.7,4.140000000000001,12.0,7.2
1.0,9,Tylan Wallace,24.0,0.7777777777777778,0.4444444444444444,0.0,0.0,0.0,3.6666666666666665,0.0,0.0,0.3666666666666667,5.6000000000000005,3.7,4.140000000000001,12.0,7.2
0.8400000000000001,20,Cole Beasley,34.0,5.95,4.4,0.0,0.0,0.0,36.4,0.05,0.05,3.8400000000000003,9.0,4.4,9.855,20.0,4.2
1.0,16,James Cook,24.0,2.0,1.3125,31.6875,0.125,5.5625,11.25,0.0625,0.0625,5.29375,9.0,4.4,9.855,20.0,4.2
1.0,15,Gabriel Davis,24.0,6.2,3.2,0.0,0.0,0.0,55.733333333333334,0.4666666666666667,0.06666666666666667,8.240000000000002,9.0,4.4,9.855,20.0,4.2
1.0,16,Stefon Diggs,30.0,9.625,6.75,-0.1875,0.0,0.0625,89.3125,0.6875,0.0625,12.9125,9.0,4.4,9.855,20.0,4.2
1.0,15,Reggie Gilliam,26.0,0.6666666666666666,0.5333333333333333,0.0,0.0,0.0,4.6,0.06666666666666667,0.0,0.86,9.0,4.4,9.855,20.0,4.2
1.0,11,Damien Harris,26.0,2.090909090909091,1.5454545454545454,42.0,0.2727272727272727,9.636363636363637,8.818181818181818,0.0,0.0,6.718181818181819,9.0,4.4,9.855,20.0,4.2
0.8470588235294118,17,Deonte Harty,26.0,3.588235294117647,2.235294117647059,2.411764705882353,0.0,0.29411764705882354,34.294117647058826,0.17647058823529413,0.17647058823529413,4.376470588235295,9.0,4.4,9.855,20.0,4.2
1.0,16,Nyheim Hines,27.0,2.3125,1.875,2.0625,0.0625,1.5,15.0625,0.0625,0.125,2.2125000000000004,9.0,4.4,9.855,20.0,4.2
0.6,8,KeeSean Johnson,27.0,2.875,1.875,0.0,0.0,0.0,21.625,0.0,0.0,2.1625,9.0,4.4,9.855,20.0,4.2
1.0,15,Dawson Knox,27.0,4.333333333333333,3.2,0.0,0.0,0.0,34.46666666666667,0.4,0.0,5.846666666666668,9.0,4.4,9.855,20.0,4.2
1.0,14,Quintin Morris,24.0,0.7857142857142857,0.5714285714285714,0.0,0.0,0.0,6.0,0.07142857142857142,0.07142857142857142,0.8857142857142859,9.0,4.4,9.855,20.0,4.2
0.8222222222222223,9,Dezmon Patmon,25.0,1.1111111111111112,0.4444444444444444,0.0,0.0,0.0,5.0,0.1111111111111111,0.0,1.1666666666666665,9.0,4.4,9.855,20.0,4.2
1.0,14,Khalil Shakir,23.0,1.4285714285714286,0.7142857142857143,0.0,0.0,0.0,11.5,0.07142857142857142,0.0,1.5785714285714287,9.0,4.4,9.855,20.0,4.2
1.0,17,Trent Sherfield,27.0,3.0,1.7647058823529411,0.0,0.0,0.0,24.529411764705884,0.11764705882352941,0.0,3.158823529411765,9.0,4.4,9.855,20.0,4.2
1.0,13,Raheem Blackshear,24.0,0.9230769230769231,0.7692307692307693,5.923076923076923,0.23076923076923078,1.7692307692307692,7.153846153846154,0.0,0.07692307692307693,2.5384615384615388,6.199999999999999,8.2,5.095,8.0,3.6
1.0,14,Damiere Byrd,30.0,1.6428571428571428,0.9285714285714286,0.0,0.0,0.0,19.142857142857142,0.14285714285714285,0.0,2.7714285714285714,6.199999999999999,8.2,5.095,8.0,3.6
1.0,11,DJ Chark,27.0,4.7272727272727275,2.727272727272727,0.0,0.0,0.0,45.63636363636363,0.2727272727272727,0.0,6.199999999999999,6.199999999999999,8.2,5.095,8.0,3.6
1.0,15,Chuba Hubbard,24.0,1.1333333333333333,0.9333333333333333,31.066666666666666,0.13333333333333333,6.333333333333333,11.4,0.0,0.13333333333333333,4.78,6.199999999999999,8.2,5.095,8.0,3.6
1.0,13,Hayden Hurst,30.0,5.230769230769231,4.0,0.0,0.0,0.0,31.846153846153847,0.15384615384615385,0.0,4.107692307692308,6.199999999999999,8.2,5.095,8.0,3.6
1.0,14,Terrace Marshall Jr.,23.0,3.357142857142857,2.0,0.0,0.0,0.0,35.0,0.07142857142857142,0.14285714285714285,3.642857142857143,6.199999999999999,8.2,5.095,8.0,3.6
1.0,15,Giovanni Ricci,27.0,0.6,0.5333333333333333,0.0,0.0,0.0,6.666666666666667,0.0,0.0,0.6666666666666667,6.199999999999999,8.2,5.095,8.0,3.6
1.0,17,Miles Sanders,26.0,1.5294117647058822,1.1764705882352942,74.6470588235294,0.6470588235294118,15.235294117647058,4.588235294117647,0.0,0.11764705882352941,11.57058823529412,6.199999999999999,8.2,5.095,8.0,3.6
1.0,13,Laviska Shenault Jr.,25.0,2.4615384615384617,2.076923076923077,5.0,0.07692307692307693,0.6923076923076923,20.923076923076923,0.07692307692307693,0.0,3.5153846153846158,6.199999999999999,8.2,5.095,8.0,3.6
1.0,17,Shi Smith,25.0,2.411764705882353,1.2941176470588236,0.0,0.0,0.0,17.41176470588235,0.11764705882352941,0.23529411764705882,1.9764705882352942,6.199999999999999,8.2,5.095,8.0,3.6
1.0,14,Stephen Sullivan,27.0,0.42857142857142855,0.14285714285714285,0.0,0.0,0.0,3.2857142857142856,0.0,0.0,0.32857142857142857,6.199999999999999,8.2,5.095,8.0,3.6
1.0,17,Adam Thielen,33.0,6.294117647058823,4.117647058823529,0.23529411764705882,0.0,0.058823529411764705,42.11764705882353,0.35294117647058826,0.0,6.352941176470589,6.199999999999999,8.2,5.095,8.0,3.6
1.0,17,Ian Thomas,27.0,1.7647058823529411,1.2352941176470589,0.0,0.0,0.0,11.588235294117647,0.0,0.0,1.1588235294117648,6.199999999999999,8.2,5.095,8.0,3.6
1.0,17,Tommy Tremble,23.0,1.8823529411764706,1.1176470588235294,0.0,0.0,0.0,10.235294117647058,0.17647058823529413,0.058823529411764705,1.9647058823529409,6.199999999999999,8.2,5.095,8.0,3.6
0.8,8,Preston Williams,26.0,2.0,0.75,0.875,0.0,0.125,8.875,0.0,0.0,0.9750000000000001,6.199999999999999,8.2,5.095,8.0,3.6
1.0,16,Khari Blasingame,27.0,0.0625,0.0,0.0,0.0,0.0,0.0,0.0,0.0,0.0,5.6,5.699999999999999,6.19,16.0,6.6000000000000005
1.0,15,Chase Claypool,25.0,5.266666666666667,3.066666666666667,3.933333333333333,0.0,0.6,30.066666666666666,0.06666666666666667,0.06666666666666667,3.666666666666667,5.6,5.699999999999999,6.19,16.0,6.6000000000000005
1.0,17,Trestan Ebner,24.0,0.47058823529411764,0.11764705882352941,3.176470588235294,0.0,1.411764705882353,0.47058823529411764,0.0,0.11764705882352941,0.12941176470588234,5.6,5.699999999999999,6.19,16.0,6.6000000000000005
1.0,17,D\'Onta Foreman,27.0,0.5294117647058824,0.29411764705882354,53.76470588235294,0.29411764705882354,11.941176470588236,1.5294117647058822,0.0,0.058823529411764705,7.176470588235295,5.6,5.699999999999999,6.19,16.0,6.6000000000000005
1.0,13,Khalil Herbert,25.0,0.9230769230769231,0.6923076923076923,56.23076923076923,0.3076923076923077,9.923076923076923,4.384615384615385,0.07692307692307693,0.0,8.36923076923077,5.6,5.699999999999999,6.19,16.0,6.6000000000000005
1.0,10,Travis Homer,25.0,1.8,1.6,7.4,0.0,1.9,15.7,0.1,0.1,2.71,5.6,5.699999999999999,6.19,16.0,6.6000000000000005
1.0,12,Velus Jones Jr.,26.0,1.1666666666666667,0.5833333333333334,8.583333333333334,0.08333333333333333,0.75,8.916666666666666,0.08333333333333333,0.25,2.25,5.6,5.699999999999999,6.19,16.0,6.6000000000000005
1.0,17,Cole Kmet,24.0,4.0588235294117645,2.9411764705882355,0.5294117647058824,0.0,0.11764705882352941,32.0,0.4117647058823529,0.058823529411764705,5.605882352941177,5.6,5.699999999999999,6.19,16.0,6.6000000000000005
1.0,12,Darnell Mooney,26.0,5.083333333333333,3.3333333333333335,0.16666666666666666,0.0,0.08333333333333333,41.083333333333336,0.16666666666666666,0.0,5.125,5.6,5.699999999999999,6.19,16.0,6.6000000000000005
1.0,17,D.J. Moore,26.0,6.9411764705882355,3.7058823529411766,3.1176470588235294,0.0,0.5882352941176471,52.23529411764706,0.4117647058823529,0.0,8.005882352941176,5.6,5.699999999999999,6.19,16.0,6.6000000000000005
1.0,17,Dante Pettis,28.0,2.411764705882353,1.1176470588235294,2.176470588235294,0.0,0.11764705882352941,14.411764705882353,0.17647058823529413,0.058823529411764705,2.6,5.6,5.699999999999999,6.19,16.0,6.6000000000000005
0.6,11,Joe Reed,25.0,0.09090909090909091,0.0,2.6363636363636362,0.09090909090909091,0.45454545454545453,0.0,0.0,0.0,0.8090909090909091,5.6,5.699999999999999,6.19,16.0,6.6000000000000005
1.0,16,Equanimeous St. Brown,27.0,2.375,1.3125,3.375,0.0,0.375,20.1875,0.0625,0.0625,2.60625,5.6,5.699999999999999,6.19,16.0,6.6000000000000005
1.0,17,Robert Tonyan,29.0,3.9411764705882355,3.1176470588235294,0.0,0.0,0.0,27.647058823529413,0.11764705882352941,0.0,3.4705882352941178,5.6,5.699999999999999,6.19,16.0,6.6000000000000005
1.0,12,Devin Asiasi,26.0,0.3333333333333333,0.16666666666666666,0.0,0.0,0.0,0.4166666666666667,0.0,0.0,0.04166666666666667,10.400000000000002,6.6,9.81,17.0,1.8
1.0,16,Tyler Boyd,29.0,5.125,3.625,0.0,0.0,0.0,47.625,0.3125,0.0,6.6375,10.400000000000002,6.6,9.81,17.0,1.8
1.0,12,Ja\'Marr Chase,23.0,11.166666666666666,7.25,0.6666666666666666,0.0,0.4166666666666667,87.16666666666667,0.75,0.16666666666666666,12.95,10.400000000000002,6.6,9.81,17.0,1.8
1.0,12,Chris Evans,26.0,0.3333333333333333,0.25,0.0,0.0,0.0,3.1666666666666665,0.08333333333333333,0.0,0.8166666666666667,10.400000000000002,6.6,9.81,17.0,1.8
1.0,16,Tee Higgins,24.0,6.8125,4.625,0.0,0.0,0.0,64.3125,0.4375,0.0,9.05625,10.400000000000002,6.6,9.81,17.0,1.8
1.0,11,Tanner Hudson,29.0,1.3636363636363635,0.9090909090909091,0.0,0.0,0.0,12.0,0.0,0.0,1.2000000000000002,10.400000000000002,6.6,9.81,17.0,1.8
1.0,9,Trenton Irwin,28.0,2.5555555555555554,1.6666666666666667,1.2222222222222223,0.0,0.1111111111111111,25.666666666666668,0.4444444444444444,0.0,5.355555555555556,10.400000000000002,6.6,9.81,17.0,1.8
1.0,14,Joe Mixon,27.0,5.357142857142857,4.285714285714286,58.142857142857146,0.5,15.0,31.5,0.14285714285714285,0.0,12.821428571428573,10.400000000000002,6.6,9.81,17.0,1.8
1.0,14,Stanley Morgan Jr.,27.0,0.07142857142857142,0.0,0.0,0.0,0.0,0.0,0.0,0.0,0.0,10.400000000000002,6.6,9.81,17.0,1.8
0.8210526315789475,19,Drew Sample,27.0,0.8947368421052632,0.6842105263157895,0.0,0.0,0.0,4.157894736842105,0.0,0.0,0.41578947368421054,10.400000000000002,6.6,9.81,17.0,1.8
1.0,8,Irv Smith Jr.,25.0,4.5,3.125,0.0,0.0,0.0,22.75,0.25,0.125,3.525,10.400000000000002,6.6,9.81,17.0,1.8
1.0,16,Trent Taylor,29.0,0.625,0.375,0.9375,0.0,0.25,3.875,0.0,0.125,0.23125,10.400000000000002,6.6,9.81,17.0,1.8
1.0,8,Trayveon Williams,26.0,0.375,0.25,3.75,0.0,0.75,3.75,0.0,0.0,0.75,10.400000000000002,6.6,9.81,17.0,1.8
1.0,15,Jordan Akins,31.0,3.6,2.466666666666667,0.0,0.0,0.0,33.0,0.3333333333333333,0.06666666666666667,5.166666666666667,7.6,8.399999999999999,8.335,4.0,5.6000000000000005
1.0,16,David Bell,23.0,2.1875,1.5,0.0,0.0,0.0,13.375,0.0,0.0,1.3375000000000001,7.6,8.399999999999999,8.335,4.0,5.6000000000000005
1.0,17,Harrison Bryant,25.0,2.4705882352941178,1.8235294117647058,0.47058823529411764,0.0,0.058823529411764705,14.058823529411764,0.058823529411764705,0.0,1.8058823529411767,7.6,8.399999999999999,8.335,4.0,5.6000000000000005
1.0,17,Nick Chubb,28.0,2.176470588235294,1.588235294117647,89.70588235294117,0.7058823529411765,17.764705882352942,14.058823529411764,0.058823529411764705,0.058823529411764705,14.847058823529414,7.6,8.399999999999999,8.335,4.0,5.6000000000000005
1.0,17,Amari Cooper,29.0,7.764705882352941,4.588235294117647,0.0,0.0,0.0,68.23529411764706,0.5294117647058824,0.0,10.0,7.6,8.399999999999999,8.335,4.0,5.6000000000000005
1.0,12,Jaelon Darden,24.0,0.16666666666666666,0.16666666666666666,0.16666666666666666,0.0,0.08333333333333333,2.1666666666666665,0.0,0.0,0.23333333333333334,7.6,8.399999999999999,8.335,4.0,5.6000000000000005
1.0,8,Demetric Felton,25.0,0.5,0.25,-0.5,0.0,0.125,1.0,0.0,0.125,-0.2,7.6,8.399999999999999,8.335,4.0,5.6000000000000005
1.0,13,Jerome Ford,24.0,0.0,0.0,0.9230769230769231,0.0,0.6153846153846154,0.0,0.0,0.0,0.09230769230769231,7.6,8.399999999999999,8.335,4.0,5.6000000000000005
1.0,13,Marquise Goodwin,33.0,3.230769230769231,2.076923076923077,0.38461538461538464,0.0,0.15384615384615385,29.76923076923077,0.3076923076923077,0.0,4.861538461538462,7.6,8.399999999999999,8.335,4.0,5.6000000000000005
0.8,15,Jakeem Grant,31.0,1.1333333333333333,0.7333333333333333,2.2,0.0,0.3333333333333333,8.8,0.13333333333333333,0.2,1.5,7.6,8.399999999999999,8.335,4.0,5.6000000000000005
0.6000000000000001,8,John Kelly,27.0,0.0,0.0,2.75,0.0,0.625,0.0,0.0,0.0,0.275,7.6,8.399999999999999,8.335,4.0,5.6000000000000005
1.0,16,Elijah Moore,23.0,4.0625,2.3125,0.3125,0.0,0.3125,27.875,0.0625,0.0625,3.06875,7.6,8.399999999999999,8.335,4.0,5.6000000000000005
1.0,14,David Njoku,27.0,5.714285714285714,4.142857142857143,-0.5714285714285714,0.0,0.14285714285714285,44.857142857142854,0.2857142857142857,0.07142857142857142,6.0,7.6,8.399999999999999,8.335,4.0,5.6000000000000005
1.0,17,Donovan Peoples-Jones,24.0,5.647058823529412,3.588235294117647,0.11764705882352941,0.0,0.058823529411764705,49.35294117647059,0.17647058823529413,0.058823529411764705,5.8882352941176475,7.6,8.399999999999999,8.335,4.0,5.6000000000000005
1.0,11,Anthony Schwartz,23.0,0.9090909090909091,0.36363636363636365,5.181818181818182,0.09090909090909091,0.36363636363636365,4.636363636363637,0.0,0.09090909090909091,1.3454545454545455,7.6,8.399999999999999,8.335,4.0,5.6000000000000005
1.0,10,Michael Woods II,23.0,1.0,0.5,-0.5,0.0,0.1,4.5,0.0,0.0,0.4,7.6,8.399999999999999,8.335,4.0,5.6000000000000005
0.5111111111111111,9,Antonio Callaway,26.0,2.111111111111111,1.1111111111111112,0.0,0.0,0.0,12.11111111111111,0.0,0.0,1.2111111111111112,8.0,8.299999999999999,8.135,11.0,1.8
1.0,13,Brandin Cooks,30.0,7.153846153846154,4.384615384615385,0.5384615384615384,0.0,0.15384615384615385,53.76923076923077,0.23076923076923078,0.0,6.815384615384616,8.0,8.299999999999999,8.135,11.0,1.8
1.0,12,Malik Davis,25.0,0.5833333333333334,0.5,13.416666666666666,0.08333333333333333,3.1666666666666665,5.25,0.0,0.0,2.3666666666666667,8.0,8.299999999999999,8.135,11.0,1.8
0.6,15,Rico Dowdle,25.0,0.0,0.0,1.6,0.0,0.4666666666666667,0.0,0.0,0.0,0.16000000000000003,8.0,8.299999999999999,8.135,11.0,1.8
1.0,16,Jake Ferguson,24.0,1.375,1.1875,0.0,0.0,0.0,10.875,0.125,0.0,1.8375000000000001,8.0,8.299999999999999,8.135,11.0,1.8
1.0,14,Michael Gallup,27.0,5.285714285714286,2.7857142857142856,0.0,0.0,0.0,30.285714285714285,0.2857142857142857,0.0,4.742857142857143,8.0,8.299999999999999,8.135,11.0,1.8
1.0,17,Peyton Hendershot,24.0,0.9411764705882353,0.6470588235294118,0.11764705882352941,0.058823529411764705,0.058823529411764705,6.0588235294117645,0.11764705882352941,0.058823529411764705,1.5588235294117645,8.0,8.299999999999999,8.135,11.0,1.8
0.8545454545454546,22,Ronald Jones II,26.0,0.6363636363636364,0.5,22.636363636363637,0.22727272727272727,5.363636363636363,3.909090909090909,0.0,0.09090909090909091,3.836363636363637,8.0,8.299999999999999,8.135,11.0,1.8
1.0,17,CeeDee Lamb,24.0,9.176470588235293,6.294117647058823,2.764705882352941,0.0,0.5882352941176471,79.94117647058823,0.5294117647058824,0.0,11.447058823529414,8.0,8.299999999999999,8.135,11.0,1.8
1.0,13,Sean McKeon,26.0,0.23076923076923078,0.15384615384615385,0.0,0.0,0.0,0.8461538461538461,0.0,0.0,0.08461538461538462,8.0,8.299999999999999,8.135,11.0,1.8
1.0,16,Tony Pollard,26.0,3.4375,2.4375,62.9375,0.5625,12.0625,23.1875,0.1875,0.0,13.1125,8.0,8.299999999999999,8.135,11.0,1.8
1.0,8,Jalen Tolbert,24.0,0.375,0.25,0.0,0.0,0.0,1.5,0.0,0.0,0.15000000000000002,8.0,8.299999999999999,8.135,11.0,1.8
1.0,17,KaVontae Turpin,27.0,0.11764705882352941,0.058823529411764705,1.0,0.0,0.17647058823529413,0.5294117647058824,0.0,0.17647058823529413,-0.2,8.0,8.299999999999999,8.135,11.0,1.8
1.0,17,Michael Burton,31.0,0.17647058823529413,0.11764705882352941,0.4117647058823529,0.0,0.29411764705882354,0.6470588235294118,0.0,0.0,0.10588235294117648,5.0,4.499999999999999,4.905,9.0,2.6000000000000005
1.0,14,Marquez Callaway,25.0,2.2857142857142856,1.1428571428571428,0.0,0.0,0.0,11.285714285714286,0.07142857142857142,0.0,1.5571428571428574,5.0,4.499999999999999,4.905,9.0,2.6000000000000005
0.8000000000000002,12,Damarea Crockett,26.0,0.0,0.0,0.5833333333333334,0.0,0.25,0.0,0.0,0.0,0.05833333333333334,5.0,4.499999999999999,4.905,9.0,2.6000000000000005
1.0,10,Greg Dulcich,23.0,5.5,3.3,0.0,0.0,0.0,41.1,0.2,0.0,5.3100000000000005,5.0,4.499999999999999,4.905,9.0,2.6000000000000005
1.0,7,KJ Hamler,24.0,2.0,1.0,3.2857142857142856,0.0,0.2857142857142857,23.571428571428573,0.0,0.0,2.685714285714286,5.0,4.499999999999999,4.905,9.0,2.6000000000000005
1.0,12,Kendall Hinton,26.0,2.75,2.0,1.0833333333333333,0.0,0.16666666666666666,25.916666666666668,0.0,0.0,2.7,5.0,4.499999999999999,4.905,9.0,2.6000000000000005
0.875,16,Lil\'Jordan Humphrey,25.0,1.375,0.9375,0.0,0.0,0.0,16.8125,0.125,0.0,2.4312500000000004,5.0,4.499999999999999,4.905,9.0,2.6000000000000005
1.0,15,Jerry Jeudy,24.0,6.666666666666667,4.466666666666667,2.6666666666666665,0.0,0.26666666666666666,64.8,0.4,0.0,9.146666666666668,5.0,4.499999999999999,4.905,9.0,2.6000000000000005
1.0,7,Brandon Johnson,25.0,2.0,0.8571428571428571,0.0,0.0,0.0,6.0,0.14285714285714285,0.14285714285714285,1.1714285714285717,5.0,4.499999999999999,4.905,9.0,2.6000000000000005
0.8705882352941177,17,Tony Jones,26.0,0.9411764705882353,0.5882352941176471,9.764705882352942,0.0,3.764705882352941,3.4705882352941178,0.0,0.0,1.323529411764706,5.0,4.499999999999999,4.905,9.0,2.6000000000000005
1.0,17,Chris Manhertz,31.0,0.47058823529411764,0.35294117647058826,0.0,0.0,0.0,2.4705882352941178,0.0,0.0,0.24705882352941178,5.0,4.499999999999999,4.905,9.0,2.6000000000000005
1.0,8,Albert Okwuegbunam,25.0,2.25,1.25,0.0,0.0,0.0,11.875,0.125,0.0,1.9375,5.0,4.499999999999999,4.905,9.0,2.6000000000000005
0.8,16,Tim Patrick,30.0,5.3125,3.3125,0.0,0.0,0.0,45.875,0.3125,0.0,6.4625,5.0,4.499999999999999,4.905,9.0,2.6000000000000005
1.0,16,Samaje Perine,28.0,3.1875,2.375,24.625,0.125,5.9375,17.9375,0.25,0.0,6.5062500000000005,5.0,4.499999999999999,4.905,9.0,2.6000000000000005
1.0,15,Courtland Sutton,28.0,7.266666666666667,4.266666666666667,0.3333333333333333,0.0,0.06666666666666667,55.266666666666666,0.13333333333333333,0.0,6.36,5.0,4.499999999999999,4.905,9.0,2.6000000000000005
1.0,9,Jalen Virgil,25.0,0.5555555555555556,0.2222222222222222,0.0,0.0,0.0,8.333333333333334,0.1111111111111111,0.1111111111111111,1.2777777777777777,5.0,4.499999999999999,4.905,9.0,2.6000000000000005
1.0,15,Montrell Washington,24.0,0.6,0.26666666666666666,2.0,0.0,0.3333333333333333,0.13333333333333333,0.0,0.3333333333333333,-0.45333333333333325,5.0,4.499999999999999,4.905,9.0,2.6000000000000005
0.8380952380952381,21,Javonte Williams,23.0,3.5714285714285716,2.8095238095238093,52.714285714285715,0.19047619047619047,11.904761904761905,18.666666666666668,0.14285714285714285,0.14285714285714285,8.852380952380953,5.0,4.499999999999999,4.905,9.0,2.6000000000000005
0.8,8,Trinity Benson,26.0,2.75,1.25,0.0,0.0,0.0,12.875,0.0,0.0,1.2875,8.8,8.0,9.045000000000002,16.0,1.8
1.0,8,Jason Cabinda,27.0,0.5,0.125,0.5,0.0,0.125,0.625,0.0,0.0,0.1125,8.8,8.0,9.045000000000002,16.0,1.8
0.8888888888888888,9,Quintez Cephus,25.0,2.7777777777777777,1.8888888888888888,0.0,0.0,0.0,24.333333333333332,0.2222222222222222,0.0,3.7666666666666666,8.8,8.0,9.045000000000002,16.0,1.8
0.8,7,Jermar Jefferson,23.0,0.7142857142857143,0.5714285714285714,10.571428571428571,0.2857142857142857,2.142857142857143,3.2857142857142856,0.0,0.0,3.0999999999999996,8.8,8.0,9.045000000000002,16.0,1.8
1.0,16,Marvin Jones,33.0,5.0625,2.875,0.0,0.0,0.0,33.0625,0.1875,0.0,4.43125,8.8,8.0,9.045000000000002,16.0,1.8
1.0,7,Tom Kennedy,27.0,2.142857142857143,1.1428571428571428,0.0,0.0,0.0,20.142857142857142,0.0,0.0,2.0142857142857142,8.8,8.0,9.045000000000002,16.0,1.8
1.0,14,James Mitchell,24.0,0.7857142857142857,0.7857142857142857,0.0,0.0,0.0,8.071428571428571,0.07142857142857142,0.0,1.2357142857142858,8.8,8.0,9.045000000000002,16.0,1.8
1.0,16,David Montgomery,26.0,2.5,2.125,50.0625,0.3125,12.5625,19.75,0.0625,0.125,8.981250000000001,8.8,8.0,9.045000000000002,16.0,1.8
1.0,17,Kalif Raymond,29.0,3.764705882352941,2.764705882352941,2.1176470588235294,0.0,0.4117647058823529,36.23529411764706,0.0,0.17647058823529413,3.4823529411764707,8.8,8.0,9.045000000000002,16.0,1.8
1.0,9,Craig Reynolds,27.0,1.1111111111111112,1.0,11.333333333333334,0.0,2.5555555555555554,12.88888888888889,0.0,0.0,2.4222222222222225,8.8,8.0,9.045000000000002,16.0,1.8
1.0,14,Josh Reynolds,28.0,4.214285714285714,2.7142857142857144,0.0,0.0,0.0,34.214285714285715,0.21428571428571427,0.0,4.707142857142857,8.8,8.0,9.045000000000002,16.0,1.8
1.0,16,Amon-Ra St. Brown,24.0,9.125,6.625,5.9375,0.0,0.5625,72.5625,0.375,0.0,10.100000000000001,8.8,8.0,9.045000000000002,16.0,1.8
1.0,14,D\'Andre Swift,24.0,5.0,3.4285714285714284,38.714285714285715,0.35714285714285715,7.071428571428571,27.785714285714285,0.21428571428571427,0.07142857142857142,9.935714285714287,8.8,8.0,9.045000000000002,16.0,1.8
1.0,17,Brock Wright,25.0,1.411764705882353,1.0588235294117647,0.0,0.0,0.0,12.705882352941176,0.23529411764705882,0.0,2.6823529411764704,8.8,8.0,9.045000000000002,16.0,1.8
1.0,13,Shane Zylstra,27.0,1.1538461538461537,0.8461538461538461,0.0,0.0,0.0,4.615384615384615,0.3076923076923077,0.0,2.307692307692308,8.8,8.0,9.045000000000002,16.0,1.8
1.0,17,Tyler Davis,26.0,0.4117647058823529,0.23529411764705882,0.0,0.0,0.0,1.5294117647058822,0.0,0.0,0.15294117647058825,8.6,10.499999999999998,4.285,13.0,0.8
1.0,17,Josiah Deguara,26.0,0.8823529411764706,0.7647058823529411,0.0,0.0,0.0,6.705882352941177,0.0,0.0,0.6705882352941177,8.6,10.499999999999998,4.285,13.0,0.8
1.0,17,AJ Dillon,25.0,2.5294117647058822,1.6470588235294117,45.294117647058826,0.4117647058823529,10.941176470588236,12.117647058823529,0.0,0.058823529411764705,8.094117647058825,8.6,10.499999999999998,4.285,13.0,0.8
1.0,13,Romeo Doubs,23.0,5.153846153846154,3.230769230769231,0.8461538461538461,0.0,0.07692307692307693,32.69230769230769,0.23076923076923078,0.15384615384615385,4.430769230769232,8.6,10.499999999999998,4.285,13.0,0.8
1.0,17,Aaron Jones,29.0,4.235294117647059,3.4705882352941178,65.94117647058823,0.11764705882352941,12.529411764705882,23.235294117647058,0.29411764705882354,0.29411764705882354,10.799999999999999,8.6,10.499999999999998,4.285,13.0,0.8
1.0,14,Patrick Taylor,25.0,0.07142857142857142,0.07142857142857142,2.2142857142857144,0.0,0.7142857142857143,1.2142857142857142,0.0,0.0,0.34285714285714286,8.6,10.499999999999998,4.285,13.0,0.8
1.0,11,Samori Toure,25.0,0.9090909090909091,0.45454545454545453,0.0,0.0,0.0,7.454545454545454,0.09090909090909091,0.09090909090909091,1.1090909090909091,8.6,10.499999999999998,4.285,13.0,0.8
1.0,14,Christian Watson,24.0,4.714285714285714,2.9285714285714284,5.714285714285714,0.14285714285714285,0.5,43.642857142857146,0.5,0.0,8.792857142857143,8.6,10.499999999999998,4.285,13.0,0.8
1.0,13,Andrew Beck,27.0,0.8461538461538461,0.38461538461538464,0.0,0.0,0.15384615384615385,5.3076923076923075,0.0,0.0,0.5307692307692308,6.0,8.1,4.76,7.0,5.000000000000001
1.0,9,Mike Boone,28.0,1.6666666666666667,1.0,11.333333333333334,0.0,2.6666666666666665,10.666666666666666,0.0,0.0,2.2,6.0,8.1,4.76,7.0,5.000000000000001
1.0,16,Noah Brown,27.0,4.625,2.6875,0.0,0.0,0.0,34.6875,0.1875,0.0625,4.46875,6.0,8.1,4.76,7.0,5.000000000000001
1.0,10,Nico Collins,24.0,6.6,3.7,0.0,0.0,0.0,48.1,0.2,0.0,6.010000000000001,6.0,8.1,4.76,7.0,5.000000000000001
1.0,16,Troy Hairston,25.0,0.5,0.3125,0.0,0.0,0.0,1.1875,0.0,0.0,0.11875000000000001,6.0,8.1,4.76,7.0,5.000000000000001
1.0,11,Brevin Jordan,23.0,2.5454545454545454,1.2727272727272727,0.0,0.0,0.0,11.636363636363637,0.0,0.0,1.1636363636363638,6.0,8.1,4.76,7.0,5.000000000000001
1.0,17,Dare Ogunbowale,29.0,1.5294117647058822,1.1764705882352942,7.235294117647059,0.058823529411764705,2.4705882352941178,6.117647058823529,0.0,0.0,1.6882352941176473,6.0,8.1,4.76,7.0,5.000000000000001
1.0,13,Dameon Pierce,23.0,3.0,2.3076923076923075,72.23076923076923,0.3076923076923077,16.923076923076923,12.692307692307692,0.07692307692307693,0.3076923076923077,10.184615384615386,6.0,8.1,4.76,7.0,5.000000000000001
1.0,9,Teagan Quitoriano,23.0,1.5555555555555556,0.7777777777777778,0.0,0.0,0.0,12.555555555555555,0.2222222222222222,0.0,2.5888888888888886,6.0,8.1,4.76,7.0,5.000000000000001
1.0,16,Amari Rodgers,24.0,1.5625,1.0,0.4375,0.0,0.125,12.75,0.0625,0.375,0.9437500000000001,6.0,8.1,4.76,7.0,5.000000000000001
0.6705882352941177,17,Mason Schreck,30.0,0.17647058823529413,0.11764705882352941,0.0,0.0,0.0,0.35294117647058826,0.0,0.0,0.03529411764705883,6.0,8.1,4.76,7.0,5.000000000000001
1.0,15,Dalton Schultz,27.0,5.933333333333334,3.8,0.0,0.0,0.0,38.46666666666667,0.3333333333333333,0.06666666666666667,5.713333333333334,6.0,8.1,4.76,7.0,5.000000000000001
1.0,12,Steven Sims,26.0,1.9166666666666667,1.1666666666666667,5.833333333333333,0.0,1.0833333333333333,8.666666666666666,0.0,0.25,0.9500000000000002,6.0,8.1,4.76,7.0,5.000000000000001
1.0,16,Devin Singletary,26.0,3.25,2.375,51.1875,0.3125,11.0625,17.5,0.0625,0.1875,8.74375,6.0,8.1,4.76,7.0,5.000000000000001
1.0,17,Robert Woods,31.0,5.352941176470588,3.1176470588235294,0.0,0.0,0.0,31.0,0.11764705882352941,0.058823529411764705,3.688235294117647,6.0,8.1,4.76,7.0,5.000000000000001
1.0,17,Mo Alie-Cox,30.0,1.6470588235294117,1.1176470588235294,0.0,0.0,0.0,11.117647058823529,0.17647058823529413,0.058823529411764705,2.0529411764705885,5.199999999999999,4.4,5.475,2.0,2.0
1.0,16,Pharaoh Brown,29.0,1.25,0.75,0.0,0.0,0.0,7.3125,0.0,0.0,0.7312500000000001,5.199999999999999,4.4,5.475,2.0,2.0
1.0,12,Ashton Dulin,26.0,1.8333333333333333,1.25,0.6666666666666666,0.0,0.16666666666666666,17.25,0.08333333333333333,0.0,2.291666666666667,5.199999999999999,4.4,5.475,2.0,2.0
0.9714285714285714,7,Darrynton Evans,25.0,0.42857142857142855,0.42857142857142855,10.142857142857142,0.0,2.2857142857142856,6.285714285714286,0.0,0.0,1.6428571428571428,5.199999999999999,4.4,5.475,2.0,2.0
0.8,10,Jake Funk,25.0,0.0,0.0,0.5,0.0,0.2,0.0,0.0,0.0,0.05,5.199999999999999,4.4,5.475,2.0,2.0
1.0,13,Kylen Granson,25.0,3.076923076923077,2.3846153846153846,0.0,0.0,0.07692307692307693,23.23076923076923,0.0,0.07692307692307693,2.1692307692307695,5.199999999999999,4.4,5.475,2.0,2.0
1.0,16,Deon Jackson,24.0,2.125,1.875,14.75,0.0625,4.25,13.0625,0.0625,0.0625,3.40625,5.199999999999999,4.4,5.475,2.0,2.0
1.0,15,Isaiah McKenzie,28.0,4.333333333333333,2.8,3.6666666666666665,0.06666666666666667,0.6,28.2,0.26666666666666666,0.0,5.186666666666667,5.199999999999999,4.4,5.475,2.0,2.0
1.0,13,Zack Moss,26.0,1.0,0.8461538461538461,35.07692307692308,0.07692307692307693,7.153846153846154,3.0,0.0,0.07692307692307693,4.115384615384616,5.199999999999999,4.4,5.475,2.0,2.0
1.0,16,Alec Pierce,23.0,4.875,2.5625,0.0,0.0,0.0,37.0625,0.125,0.0625,4.331250000000001,5.199999999999999,4.4,5.475,2.0,2.0
1.0,16,Michael Pittman Jr.,26.0,8.8125,6.1875,1.875,0.0,0.1875,57.8125,0.25,0.125,7.21875,5.199999999999999,4.4,5.475,2.0,2.0
0.6444444444444445,9,Vyncint Smith,27.0,0.4444444444444444,0.1111111111111111,0.0,0.0,0.0,1.4444444444444444,0.0,0.0,0.14444444444444446,5.199999999999999,4.4,5.475,2.0,2.0
1.0,13,Mike Strachan,26.0,0.6923076923076923,0.23076923076923078,0.0,0.0,0.0,4.538461538461538,0.0,0.0,0.45384615384615384,5.199999999999999,4.4,5.475,2.0,2.0
1.0,11,Jonathan Taylor,24.0,3.6363636363636362,2.5454545454545454,78.27272727272727,0.36363636363636365,17.454545454545453,13.0,0.0,0.2727272727272727,10.763636363636364,5.199999999999999,4.4,5.475,2.0,2.0
0.8,14,Malik Turner,27.0,1.1428571428571428,0.8571428571428571,0.0,0.0,0.0,10.642857142857142,0.21428571428571427,0.0,2.3499999999999996,5.199999999999999,4.4,5.475,2.0,2.0
1.0,15,Jelani Woods,25.0,2.6666666666666665,1.6666666666666667,0.0,0.0,0.0,20.8,0.2,0.06666666666666667,3.146666666666667,5.199999999999999,4.4,5.475,2.0,2.0
1.0,15,Jamal Agnew,28.0,2.0,1.5333333333333334,5.733333333333333,0.0,0.8,12.466666666666667,0.2,0.0,3.0200000000000005,6.4,8.299999999999999,7.050000000000001,14.0,5.6000000000000005
1.0,8,Snoop Conner,23.0,0.0,0.0,5.25,0.125,1.5,0.0,0.0,0.0,1.275,6.4,8.299999999999999,7.050000000000001,14.0,5.6000000000000005
1.0,17,Evan Engram,29.0,5.764705882352941,4.294117647058823,0.7647058823529411,0.0,0.11764705882352941,45.05882352941177,0.23529411764705882,0.0,5.9941176470588236,6.4,8.299999999999999,7.050000000000001,14.0,5.6000000000000005
1.0,17,Travis Etienne,24.0,2.6470588235294117,2.0588235294117645,66.17647058823529,0.29411764705882354,12.941176470588236,18.58823529411765,0.0,0.29411764705882354,9.65294117647059,6.4,8.299999999999999,7.050000000000001,14.0,5.6000000000000005
1.0,17,Luke Farrell,26.0,0.23529411764705882,0.23529411764705882,0.0,0.0,0.0,2.3529411764705883,0.0,0.0,0.23529411764705885,6.4,8.299999999999999,7.050000000000001,14.0,5.6000000000000005
1.0,17,Jamycal Hasty,27.0,1.5294117647058822,1.1764705882352942,11.411764705882353,0.11764705882352941,2.7058823529411766,7.411764705882353,0.058823529411764705,0.0,2.9411764705882355,6.4,8.299999999999999,7.050000000000001,14.0,5.6000000000000005
1.0,15,D\'Ernest Johnson,27.0,0.2,0.2,1.1333333333333333,0.0,0.26666666666666666,0.4666666666666667,0.0,0.0,0.16,6.4,8.299999999999999,7.050000000000001,14.0,5.6000000000000005
1.0,17,Tim Jones,25.0,0.23529411764705882,0.17647058823529413,0.0,0.0,0.0,1.7647058823529411,0.0,0.0,0.17647058823529413,6.4,8.299999999999999,7.050000000000001,14.0,5.6000000000000005
1.0,16,Zay Jones,28.0,7.5625,5.125,1.125,0.0,0.25,51.4375,0.3125,0.0,7.1312500000000005,6.4,8.299999999999999,7.050000000000001,14.0,5.6000000000000005
1.0,17,Christian Kirk,27.0,7.823529411764706,4.9411764705882355,0.6470588235294118,0.0,0.29411764705882354,65.17647058823529,0.47058823529411764,0.058823529411764705,9.288235294117648,6.4,8.299999999999999,7.050000000000001,14.0,5.6000000000000005
0.8,8,Qadree Ollison,27.0,0.75,0.5,13.125,0.125,2.625,1.5,0.0,0.125,1.9625,6.4,8.299999999999999,7.050000000000001,14.0,5.6000000000000005
0.65,20,Calvin Ridley,29.0,9.75,6.05,0.05,0.0,0.25,82.75,0.55,0.05,11.480000000000002,6.4,8.299999999999999,7.050000000000001,14.0,5.6000000000000005
0.8315789473684211,19,Blake Bell,32.0,0.7894736842105263,0.5789473684210527,0.5263157894736842,0.0,0.21052631578947367,5.631578947368421,0.05263157894736842,0.0,0.9315789473684212,8.6,5.799999999999999,5.145000000000001,19.0,10.2
0.8533333333333334,15,Kendall Blanton,28.0,0.6,0.4,0.0,0.0,0.0,4.8,0.0,0.06666666666666667,0.3466666666666667,8.6,5.799999999999999,5.145000000000001,19.0,10.2
1.0,10,Clyde Edwards-Helaire,24.0,2.3,1.7,30.2,0.3,7.1,15.1,0.3,0.0,8.129999999999999,8.6,5.799999999999999,5.145000000000001,19.0,10.2
1.0,13,Jody Fortson,28.0,1.0,0.6923076923076923,0.0,0.0,0.0,8.307692307692308,0.15384615384615385,0.07692307692307693,1.6,8.6,5.799999999999999,5.145000000000001,19.0,10.2
1.0,17,Noah Gray,24.0,2.0,1.6470588235294117,0.058823529411764705,0.058823529411764705,0.058823529411764705,17.58823529411765,0.058823529411764705,0.0,2.4705882352941178,8.6,5.799999999999999,5.145000000000001,19.0,10.2
1.0,17,Richie James,28.0,4.117647058823529,3.3529411764705883,0.35294117647058826,0.0,0.11764705882352941,33.470588235294116,0.23529411764705882,0.17647058823529413,4.4411764705882355,8.6,5.799999999999999,5.145000000000001,19.0,10.2
1.0,17,Travis Kelce,34.0,8.941176470588236,6.470588235294118,0.29411764705882354,0.0,0.11764705882352941,78.70588235294117,0.7058823529411765,0.058823529411764705,12.017647058823531,8.6,5.799999999999999,5.145000000000001,19.0,10.2
1.0,16,Skyy Moore,23.0,2.0625,1.375,1.5,0.0,0.1875,15.625,0.0,0.1875,1.3375,8.6,5.799999999999999,5.145000000000001,19.0,10.2
1.0,17,Isiah Pacheco,24.0,0.8235294117647058,0.7647058823529411,48.8235294117647,0.29411764705882354,10.0,7.647058823529412,0.0,0.23529411764705882,6.9411764705882355,8.6,5.799999999999999,5.145000000000001,19.0,10.2
0.6571428571428571,14,La\'Mical Perine,25.0,1.0714285714285714,0.7857142857142857,18.785714285714285,0.14285714285714285,5.142857142857143,4.5,0.0,0.0,3.185714285714286,8.6,5.799999999999999,5.145000000000001,19.0,10.2
0.8857142857142858,14,Ihmir Smith-Marsette,24.0,0.7142857142857143,0.42857142857142855,-0.07142857142857142,0.0,0.07142857142857142,9.357142857142858,0.14285714285714285,0.07142857142857142,1.642857142857143,8.6,5.799999999999999,5.145000000000001,19.0,10.2
1.0,9,Kadarius Toney,24.0,2.2222222222222223,1.7777777777777777,9.11111111111111,0.1111111111111111,0.7777777777777778,19.0,0.2222222222222222,0.1111111111111111,4.588888888888889,8.6,5.799999999999999,5.145000000000001,19.0,10.2
1.0,17,Marquez Valdes-Scantling,29.0,4.764705882352941,2.4705882352941178,-0.17647058823529413,0.0,0.058823529411764705,40.411764705882355,0.11764705882352941,0.0,4.729411764705883,8.6,5.799999999999999,5.145000000000001,19.0,10.2
1.0,17,Justin Watson,27.0,2.0,0.8823529411764706,0.0,0.0,0.0,18.529411764705884,0.11764705882352941,0.0,2.558823529411765,8.6,5.799999999999999,5.145000000000001,19.0,10.2
1.0,17,Ameer Abdullah,30.0,1.8823529411764706,1.4705882352941178,1.1764705882352942,0.0,0.23529411764705882,12.411764705882353,0.058823529411764705,0.0,1.711764705882353,7.000000000000001,11.1,8.47,10.0,3.4000000000000004
1.0,17,Davante Adams,31.0,10.588235294117647,5.882352941176471,-0.058823529411764705,0.0,0.17647058823529413,89.17647058823529,0.8235294117647058,0.058823529411764705,13.73529411764706,7.000000000000001,11.1,8.47,10.0,3.4000000000000004
1.0,16,Brandon Bolden,33.0,0.5625,0.5625,4.125,0.0,1.0625,3.5625,0.0625,0.0,1.14375,7.000000000000001,11.1,8.47,10.0,3.4000000000000004
1.0,17,DeAndre Carter,30.0,3.823529411764706,2.7058823529411766,-0.8823529411764706,0.0,0.11764705882352941,31.647058823529413,0.17647058823529413,0.17647058823529413,3.782352941176471,7.000000000000001,11.1,8.47,10.0,3.4000000000000004
1.0,15,Phillip Dorsett,30.0,2.6666666666666665,1.3333333333333333,0.0,0.0,0.0,17.133333333333333,0.06666666666666667,0.0,2.1133333333333333,7.000000000000001,11.1,8.47,10.0,3.4000000000000004
1.0,17,Austin Hooper,29.0,3.5294117647058822,2.411764705882353,0.0,0.0,0.0,26.11764705882353,0.11764705882352941,0.0,3.317647058823529,7.000000000000001,11.1,8.47,10.0,3.4000000000000004
1.0,15,Jesper Horsted,26.0,0.26666666666666666,0.2,0.0,0.0,0.0,1.2666666666666666,0.0,0.0,0.12666666666666668,7.000000000000001,11.1,8.47,10.0,3.4000000000000004
1.0,13,O.J. Howard,29.0,1.7692307692307692,0.7692307692307693,0.0,0.0,0.0,11.153846153846153,0.15384615384615385,0.0,2.0384615384615383,7.000000000000001,11.1,8.47,10.0,3.4000000000000004
1.0,17,Josh Jacobs,25.0,3.764705882352941,3.1176470588235294,97.23529411764706,0.7058823529411765,20.0,23.529411764705884,0.0,0.17647058823529413,15.958823529411765,7.000000000000001,11.1,8.47,10.0,3.4000000000000004
1.0,17,Jakob Johnson,29.0,0.35294117647058826,0.29411764705882354,0.0,0.0,0.0,0.5882352941176471,0.0,0.0,0.05882352941176471,7.000000000000001,11.1,8.47,10.0,3.4000000000000004
0.8,17,Tyler Johnson,25.0,3.235294117647059,2.1176470588235294,0.0,0.0,0.0,21.176470588235293,0.0,0.0,2.1176470588235294,7.000000000000001,11.1,8.47,10.0,3.4000000000000004
0.4,7,Chris Lacy,27.0,1.4285714285714286,0.42857142857142855,0.0,0.0,0.0,8.571428571428571,0.0,0.0,0.8571428571428572,7.000000000000001,11.1,8.47,10.0,3.4000000000000004
1.0,14,Jakobi Meyers,27.0,6.857142857142857,4.785714285714286,-0.7857142857142857,0.0,0.14285714285714285,57.42857142857143,0.42857142857142855,0.14285714285714285,7.950000000000002,7.000000000000001,11.1,8.47,10.0,3.4000000000000004
1.0,10,Hunter Renfrow,28.0,5.0,3.6,0.0,0.0,0.0,33.0,0.2,0.3,3.9,7.000000000000001,11.1,8.47,10.0,3.4000000000000004
1.0,17,Cam Sims,27.0,1.0588235294117647,0.47058823529411764,0.0,0.0,0.0,5.235294117647059,0.0,0.0,0.5235294117647059,7.000000000000001,11.1,8.47,10.0,3.4000000000000004
1.0,9,DJ Turner,26.0,0.1111111111111111,0.0,2.888888888888889,0.0,0.4444444444444444,0.0,0.0,0.1111111111111111,0.06666666666666671,7.000000000000001,11.1,8.47,10.0,3.4000000000000004
0.7,8,Austin Walter,27.0,0.5,0.375,13.0,0.125,3.375,4.5,0.0,0.0,2.5,7.000000000000001,11.1,8.47,10.0,3.4000000000000004
1.0,14,Zamir White,24.0,0.0,0.0,5.0,0.0,1.2142857142857142,0.0,0.0,0.0,0.5,7.000000000000001,11.1,8.47,10.0,3.4000000000000004
1.0,10,Keenan Allen,31.0,8.9,6.6,0.8,0.0,0.1,75.2,0.4,0.1,9.8,6.6,8.6,6.38,14.0,4.2
0.4,8,Keelan Doss,27.0,1.75,1.375,0.0,0.0,0.0,16.625,0.0,0.0,1.6625,6.6,8.6,6.38,14.0,4.2
1.0,17,Austin Ekeler,28.0,7.470588235294118,6.294117647058823,53.8235294117647,0.7647058823529411,12.0,42.470588235294116,0.29411764705882354,0.29411764705882354,15.394117647058822,6.6,8.6,6.38,14.0,4.2
1.0,16,Gerald Everett,29.0,5.4375,3.625,0.0,0.0,0.0625,34.6875,0.25,0.0,4.96875,6.6,8.6,6.38,14.0,4.2
0.8315789473684211,19,Jalen Guyton,26.0,2.736842105263158,1.736842105263158,1.7894736842105263,0.0,0.3684210526315789,26.94736842105263,0.15789473684210525,0.05263157894736842,3.7157894736842105,6.6,8.6,6.38,14.0,4.2
0.6,13,John Hightower,27.0,2.230769230769231,0.7692307692307693,0.07692307692307693,0.0,0.07692307692307693,12.846153846153847,0.0,0.0,1.2923076923076924,6.6,8.6,6.38,14.0,4.2
1.0,15,Zander Horvath,25.0,0.5333333333333333,0.3333333333333333,0.5333333333333333,0.0,0.26666666666666666,0.5333333333333333,0.13333333333333333,0.0,0.9066666666666667,6.6,8.6,6.38,14.0,4.2
1.0,13,Joshua Kelley,26.0,1.9230769230769231,1.0769230769230769,22.076923076923077,0.15384615384615385,5.3076923076923075,7.769230769230769,0.0,0.0,3.907692307692308,6.6,8.6,6.38,14.0,4.2
1.0,17,Tre\' McKitty,24.0,1.0588235294117647,0.5882352941176471,0.0,0.0,0.0,4.235294117647059,0.0,0.058823529411764705,0.3058823529411765,6.6,8.6,6.38,14.0,4.2
1.0,16,Josh Palmer,25.0,6.6875,4.5,0.25,0.0,0.0625,48.0625,0.1875,0.0625,5.831250000000001,6.6,8.6,6.38,14.0,4.2
0.8500000000000001,16,Larry Rountree,24.0,0.25,0.1875,6.625,0.0625,3.0625,0.8125,0.0,0.0,1.1187500000000001,6.6,8.6,6.38,14.0,4.2
1.0,7,Stone Smartt,25.0,0.7142857142857143,0.5714285714285714,0.0,0.0,0.0,2.4285714285714284,0.0,0.0,0.24285714285714285,6.6,8.6,6.38,14.0,4.2
1.0,13,Mike Williams,29.0,7.153846153846154,4.846153846153846,0.0,0.0,0.0,68.84615384615384,0.3076923076923077,0.0,8.73076923076923,6.6,8.6,6.38,14.0,4.2
1.0,15,Cam Akers,24.0,1.2,0.8666666666666667,52.4,0.4666666666666667,12.533333333333333,7.8,0.0,0.13333333333333333,8.553333333333333,4.0,4.799999999999999,5.234999999999999,7.0,5.000000000000001
1.0,13,Tutu Atwell,24.0,2.6923076923076925,1.3846153846153846,2.6153846153846154,0.07692307692307693,0.6923076923076923,22.923076923076923,0.07692307692307693,0.0,3.4769230769230774,4.0,4.799999999999999,5.234999999999999,7.0,5.000000000000001
1.0,7,Jacob Harris,26.0,0.14285714285714285,0.14285714285714285,0.0,0.0,0.0,0.8571428571428571,0.0,0.0,0.08571428571428572,4.0,4.799999999999999,5.234999999999999,7.0,5.000000000000001
1.0,17,Tyler Higbee,30.0,6.352941176470588,4.235294117647059,0.0,0.0,0.0,36.470588235294116,0.17647058823529413,0.0,4.705882352941177,4.0,4.799999999999999,5.234999999999999,7.0,5.000000000000001
1.0,14,Brycen Hopkins,26.0,0.7857142857142857,0.5,0.0,0.0,0.0,7.785714285714286,0.0,0.0,0.7785714285714286,4.0,4.799999999999999,5.234999999999999,7.0,5.000000000000001
1.0,11,Van Jefferson,27.0,4.0,2.1818181818181817,0.0,0.0,0.0,33.54545454545455,0.2727272727272727,0.0,4.990909090909091,4.0,4.799999999999999,5.234999999999999,7.0,5.000000000000001
1.0,9,Cooper Kupp,30.0,10.88888888888889,8.333333333333334,5.777777777777778,0.1111111111111111,1.0,90.22222222222223,0.6666666666666666,0.2222222222222222,13.822222222222223,4.0,4.799999999999999,5.234999999999999,7.0,5.000000000000001
0.8,7,Hunter Long,25.0,0.42857142857142855,0.14285714285714285,0.0,0.0,0.0,1.1428571428571428,0.0,0.0,0.11428571428571428,4.0,4.799999999999999,5.234999999999999,7.0,5.000000000000001
1.0,10,Lance McCutcheon,24.0,0.5,0.0,0.0,0.0,0.0,0.0,0.0,0.0,0.0,4.0,4.799999999999999,5.234999999999999,7.0,5.000000000000001
1.0,8,Ronnie Rivers,24.0,0.625,0.625,2.625,0.0,1.125,3.625,0.0,0.0,0.625,4.0,4.799999999999999,5.234999999999999,7.0,5.000000000000001
1.0,14,Ben Skowronek,26.0,4.357142857142857,2.7857142857142856,1.2142857142857142,0.07142857142857142,0.07142857142857142,26.857142857142858,0.0,0.0,3.2357142857142858,4.0,4.799999999999999,5.234999999999999,7.0,5.000000000000001
1.0,10,Kyren Williams,23.0,1.2,0.9,13.9,0.0,3.5,7.6,0.0,0.0,2.1500000000000004,4.0,4.799999999999999,5.234999999999999,7.0,5.000000000000001
1.0,12,Salvon Ahmed,25.0,0.08333333333333333,0.08333333333333333,5.333333333333333,0.08333333333333333,1.0,0.6666666666666666,0.0,0.0,1.1,6.8,6.1,10.29,12.0,1.0
1.0,16,Chosen Anderson,30.0,2.75,1.25,0.0,0.0,0.0,17.625,0.0625,0.0625,2.0125,6.8,6.1,10.29,12.0,1.0
1.0,17,Braxton Berrios,28.0,1.8823529411764706,1.0588235294117647,5.352941176470588,0.11764705882352941,0.5294117647058824,8.529411764705882,0.0,0.058823529411764705,1.9764705882352938,6.8,6.1,10.29,12.0,1.0
1.0,13,Tanner Conner,25.0,0.23076923076923078,0.0,0.0,0.0,0.0,0.0,0.0,0.0,0.0,6.8,6.1,10.29,12.0,1.0
1.0,11,River Cracraft,29.0,1.2727272727272727,0.8181818181818182,0.0,0.0,0.0,9.272727272727273,0.18181818181818182,0.0,2.018181818181818,6.8,6.1,10.29,12.0,1.0
0.8380952380952381,21,Myles Gaskin,26.0,3.2857142857142856,2.5238095238095237,30.38095238095238,0.14285714285714285,8.714285714285714,12.476190476190476,0.19047619047619047,0.09523809523809523,6.095238095238094,6.8,6.1,10.29,12.0,1.0
1.0,17,Tyreek Hill,29.0,10.0,7.0,1.8823529411764706,0.058823529411764705,0.4117647058823529,100.58823529411765,0.4117647058823529,0.058823529411764705,12.95294117647059,6.8,6.1,10.29,12.0,1.0
1.0,17,Alec Ingold,27.0,1.3529411764705883,0.8823529411764706,0.47058823529411764,0.058823529411764705,0.35294117647058826,6.176470588235294,0.058823529411764705,0.0,1.3705882352941177,6.8,6.1,10.29,12.0,1.0
0.6,8,John Lovett,27.0,0.0,0.0,0.75,0.0,0.375,0.0,0.0,0.0,0.07500000000000001,6.8,6.1,10.29,12.0,1.0
1.0,16,Raheem Mostert,31.0,2.625,1.9375,55.6875,0.1875,11.3125,12.625,0.125,0.0625,8.58125,6.8,6.1,10.29,12.0,1.0
1.0,17,Eric Saubert,29.0,1.411764705882353,0.8823529411764706,0.0,0.0,0.0,8.705882352941176,0.058823529411764705,0.0,1.223529411764706,6.8,6.1,10.29,12.0,1.0
1.0,16,Durham Smythe,28.0,1.25,0.9375,0.0625,0.0625,0.125,8.0625,0.0625,0.0,1.5625,6.8,6.1,10.29,12.0,1.0
0.8300000000000001,20,Freddie Swain,25.0,2.3,1.45,1.6,0.0,0.25,20.85,0.2,0.1,3.2450000000000006,6.8,6.1,10.29,12.0,1.0
1.0,17,Jaylen Waddle,25.0,6.882352941176471,4.411764705882353,1.5294117647058822,0.0,0.17647058823529413,79.76470588235294,0.47058823529411764,0.058823529411764705,10.83529411764706,6.8,6.1,10.29,12.0,1.0
1.0,15,Cedrick Wilson Jr.,28.0,1.2,0.8,0.5333333333333333,0.0,0.06666666666666667,9.066666666666666,0.0,0.0,0.9600000000000001,6.8,6.1,10.29,12.0,1.0
1.0,16,Jeff Wilson,28.0,2.3125,1.375,53.75,0.3125,11.0,11.5625,0.0625,0.1875,8.40625,6.8,6.1,10.29,12.0,1.0
1.0,17,Dalvin Cook,28.0,3.2941176470588234,2.2941176470588234,69.0,0.47058823529411764,15.529411764705882,17.352941176470587,0.11764705882352941,0.23529411764705882,11.694117647058825,6.800000000000001,7.6,7.945,13.0,3.4000000000000004
0.8888888888888888,9,Ben Ellefson,27.0,0.4444444444444444,0.3333333333333333,0.0,0.0,0.0,2.888888888888889,0.0,0.0,0.2888888888888889,6.800000000000001,7.6,7.945,13.0,3.4000000000000004
1.0,17,C.J. Ham,30.0,0.7058823529411765,0.5882352941176471,0.4117647058823529,0.11764705882352941,0.23529411764705882,5.0588235294117645,0.0,0.0,1.2529411764705882,6.800000000000001,7.6,7.945,13.0,3.4000000000000004
1.0,17,T.J. Hockenson,26.0,7.588235294117647,5.0588235294117645,0.0,0.0,0.0,53.76470588235294,0.35294117647058826,0.058823529411764705,7.376470588235295,6.800000000000001,7.6,7.945,13.0,3.4000000000000004
1.0,17,Justin Jefferson,24.0,10.823529411764707,7.529411764705882,1.411764705882353,0.058823529411764705,0.23529411764705882,106.41176470588235,0.47058823529411764,0.0,13.958823529411763,6.800000000000001,7.6,7.945,13.0,3.4000000000000004
1.0,17,Alexander Mattison,25.0,1.0588235294117647,0.8823529411764706,16.647058823529413,0.29411764705882354,4.352941176470588,5.352941176470588,0.058823529411764705,0.0,4.317647058823529,6.800000000000001,7.6,7.945,13.0,3.4000000000000004
1.0,17,Johnny Mundt,29.0,1.2352941176470589,1.1176470588235294,0.0,0.0,0.0,8.235294117647058,0.058823529411764705,0.0,1.176470588235294,6.800000000000001,7.6,7.945,13.0,3.4000000000000004
1.0,15,Jalen Nailor,24.0,0.8666666666666667,0.6,0.0,0.0,0.0,11.933333333333334,0.06666666666666667,0.0,1.5933333333333333,6.800000000000001,7.6,7.945,13.0,3.4000000000000004
1.0,17,Kene Nwangwu,25.0,0.11764705882352941,0.11764705882352941,0.8235294117647058,0.0,0.5294117647058824,1.2352941176470589,0.0,0.0,0.20588235294117646,6.800000000000001,7.6,7.945,13.0,3.4000000000000004
1.0,17,Josh Oliver,26.0,1.4705882352941178,0.8235294117647058,0.0,0.0,0.0,8.764705882352942,0.11764705882352941,0.0,1.5823529411764707,6.800000000000001,7.6,7.945,13.0,3.4000000000000004
1.0,17,K.J. Osborn,26.0,5.294117647058823,3.5294117647058822,0.35294117647058826,0.0,0.17647058823529413,38.23529411764706,0.29411764705882354,0.058823529411764705,5.5058823529411764,6.800000000000001,7.6,7.945,13.0,3.4000000000000004
1.0,17,Brandon Powell,28.0,1.8823529411764706,1.411764705882353,4.705882352941177,0.0,1.0,9.176470588235293,0.0,0.058823529411764705,1.2705882352941176,6.800000000000001,7.6,7.945,13.0,3.4000000000000004
1.0,17,Jalen Reagor,24.0,0.7647058823529411,0.47058823529411764,1.4705882352941178,0.0,0.23529411764705882,6.117647058823529,0.058823529411764705,0.23529411764705882,0.6411764705882353,6.800000000000001,7.6,7.945,13.0,3.4000000000000004
1.0,16,Kendrick Bourne,28.0,3.0,2.1875,2.4375,0.0,0.375,27.125,0.0625,0.125,3.0812500000000003,6.4,6.6,5.9,8.0,3.8
0.6,10,Lynn Bowden Jr.,26.0,3.7,2.8,3.2,0.0,0.9,21.1,0.0,0.0,2.4300000000000006,6.4,6.6,5.9,8.0,3.8
1.0,17,Mike Gesicki,28.0,3.0588235294117645,1.8823529411764706,0.0,0.0,0.0,21.294117647058822,0.29411764705882354,0.0,3.8941176470588235,6.4,6.6,5.9,8.0,3.8
1.0,17,Hunter Henry,29.0,3.4705882352941178,2.411764705882353,0.0,0.0,0.0,29.941176470588236,0.11764705882352941,0.0,3.7,6.4,6.6,5.9,8.0,3.8
0.8133333333333334,15,Ty Montgomery,30.0,2.0,1.2666666666666666,2.8,0.0,1.1333333333333333,7.333333333333333,0.06666666666666667,0.0,1.4133333333333336,6.4,6.6,5.9,8.0,3.8
1.0,13,DeVante Parker,30.0,3.6153846153846154,2.3846153846153846,0.0,0.0,0.0,41.46153846153846,0.23076923076923078,0.0,5.530769230769231,6.4,6.6,5.9,8.0,3.8
1.0,11,James Robinson,25.0,1.2727272727272727,1.0,38.63636363636363,0.2727272727272727,10.0,4.636363636363637,0.18181818181818182,0.09090909090909091,6.872727272727272,6.4,6.6,5.9,8.0,3.8
1.0,16,JuJu Smith-Schuster,27.0,6.3125,4.875,0.0,0.0,0.0,58.3125,0.1875,0.1875,6.581250000000001,6.4,6.6,5.9,8.0,3.8
1.0,17,Rhamondre Stevenson,25.0,5.176470588235294,4.0588235294117645,61.1764705882353,0.29411764705882354,12.352941176470589,24.764705882352942,0.058823529411764705,0.23529411764705882,10.241176470588236,6.4,6.6,5.9,8.0,3.8
1.0,15,Pierre Strong,25.0,0.4666666666666667,0.4666666666666667,6.666666666666667,0.06666666666666667,0.6666666666666666,2.8,0.0,0.0,1.3466666666666667,6.4,6.6,5.9,8.0,3.8
0.7166666666666667,12,J.J. Taylor,25.0,0.5833333333333334,0.5,13.0,0.16666666666666666,4.333333333333333,1.6666666666666667,0.0,0.08333333333333333,2.3000000000000003,6.4,6.6,5.9,8.0,3.8
1.0,13,Tyquan Thornton,23.0,3.4615384615384617,1.6923076923076923,1.2307692307692308,0.07692307692307693,0.23076923076923078,19.0,0.15384615384615385,0.0,3.407692307692308,6.4,6.6,5.9,8.0,3.8
1.0,15,Eno Benjamin,24.0,2.2666666666666666,1.6666666666666667,20.866666666666667,0.13333333333333333,5.133333333333334,12.866666666666667,0.0,0.0,4.173333333333334,5.8,8.0,4.95,12.0,4.0
1.0,7,Bryan Edwards,25.0,0.7142857142857143,0.42857142857142855,0.0,0.0,0.0,2.142857142857143,0.0,0.0,0.2142857142857143,5.8,8.0,4.95,12.0,4.0
0.8,11,Derrick Gore,29.0,0.8181818181818182,0.7272727272727273,23.272727272727273,0.18181818181818182,4.636363636363637,9.545454545454545,0.0,0.0,4.372727272727273,5.8,8.0,4.95,12.0,4.0
1.0,16,Taysom Hill,33.0,0.8125,0.5625,35.9375,0.4375,6.0,4.8125,0.125,0.125,7.2,5.8,8.0,4.95,12.0,4.0
1.0,16,Juwan Johnson,27.0,4.0625,2.625,0.0,0.0,0.0,31.75,0.4375,0.0,5.800000000000001,5.8,8.0,4.95,12.0,4.0
1.0,15,Alvin Kamara,28.0,5.133333333333334,3.8,59.8,0.13333333333333333,14.866666666666667,32.666666666666664,0.13333333333333333,0.26666666666666666,10.313333333333334,5.8,8.0,4.95,12.0,4.0
0.925,8,Keith Kirkwood,29.0,1.375,0.625,0.0,0.0,0.0,4.375,0.0,0.0,0.4375,5.8,8.0,4.95,12.0,4.0
1.0,15,Chris Olave,23.0,7.933333333333334,4.8,0.0,0.0,0.0,69.46666666666667,0.26666666666666666,0.13333333333333333,8.28,5.8,8.0,4.95,12.0,4.0
1.0,11,Adam Prentice,26.0,0.2727272727272727,0.2727272727272727,0.8181818181818182,0.0,0.36363636363636365,0.8181818181818182,0.0,0.09090909090909091,-0.01818181818181816,5.8,8.0,4.95,12.0,4.0
1.0,12,Rashid Shaheed,25.0,2.8333333333333335,2.3333333333333335,4.75,0.08333333333333333,0.3333333333333333,40.666666666666664,0.16666666666666666,0.08333333333333333,5.874999999999999,5.8,8.0,4.95,12.0,4.0
1.0,15,Tre\'Quan Smith,27.0,1.8,1.2666666666666666,0.0,0.0,0.0,18.533333333333335,0.06666666666666667,0.0,2.2533333333333334,5.8,8.0,4.95,12.0,4.0
0.72,10,Michael Thomas,30.0,7.7,5.6,0.1,0.0,0.1,60.9,0.3,0.0,7.8999999999999995,5.8,8.0,4.95,12.0,4.0
1.0,15,Adam Trautman,26.0,1.4666666666666666,1.2,0.0,0.0,0.0,13.8,0.06666666666666667,0.0,1.7800000000000002,5.8,8.0,4.95,12.0,4.0
1.0,12,Dwayne Washington,29.0,0.08333333333333333,0.08333333333333333,3.1666666666666665,0.0,0.9166666666666666,0.5833333333333334,0.0,0.0,0.375,5.8,8.0,4.95,12.0,4.0
1.0,17,Jamaal Williams,28.0,0.9411764705882353,0.7058823529411765,62.705882352941174,1.0,15.411764705882353,4.294117647058823,0.0,0.17647058823529413,12.34705882352941,5.8,8.0,4.95,12.0,4.0
1.0,16,Saquon Barkley,26.0,4.75,3.5625,82.0,0.625,18.4375,21.125,0.0,0.0625,13.937500000000002,4.999999999999999,8.6,5.19,15.0,3.8
1.0,12,Daniel Bellinger,23.0,2.9166666666666665,2.5,0.16666666666666666,0.08333333333333333,0.08333333333333333,22.333333333333332,0.16666666666666666,0.08333333333333333,3.5833333333333335,4.999999999999999,8.6,5.19,15.0,3.8
1.0,17,Matt Breida,28.0,1.4705882352941178,1.1764705882352942,12.941176470588236,0.058823529411764705,3.176470588235294,6.9411764705882355,0.0,0.0,2.3411764705882354,4.999999999999999,8.6,5.19,15.0,3.8
1.0,17,Gary Brightwell,24.0,0.47058823529411764,0.29411764705882354,8.294117647058824,0.058823529411764705,1.8235294117647058,2.2941176470588234,0.0,0.0,1.4117647058823533,4.999999999999999,8.6,5.19,15.0,3.8
1.0,7,Lawrence Cager,26.0,2.7142857142857144,1.8571428571428572,0.0,0.0,0.0,16.857142857142858,0.14285714285714285,0.0,2.542857142857143,4.999999999999999,8.6,5.19,15.0,3.8
1.0,17,Parris Campbell,26.0,5.352941176470588,3.7058823529411766,3.411764705882353,0.0,0.29411764705882354,36.64705882352941,0.17647058823529413,0.058823529411764705,4.947058823529412,4.999999999999999,8.6,5.19,15.0,3.8
0.8500000000000001,16,Jamison Crowder,30.0,5.25,3.5625,0.0,0.0,0.0,31.6875,0.125,0.125,3.66875,4.999999999999999,8.6,5.19,15.0,3.8
1.0,10,Isaiah Hodgins,25.0,4.8,3.7,0.0,0.0,0.0,39.2,0.4,0.1,6.12,4.999999999999999,8.6,5.19,15.0,3.8
0.8000000000000002,12,Collin Johnson,26.0,1.75,0.9166666666666666,0.0,0.0,0.0,8.75,0.0,0.0,0.875,4.999999999999999,8.6,5.19,15.0,3.8
0.675,16,Jaydon Mickens,29.0,0.8125,0.5625,0.0,0.0,0.0,4.25,0.0,0.0625,0.30000000000000004,4.999999999999999,8.6,5.19,15.0,3.8
1.0,16,Chris Myarick,28.0,0.5,0.4375,0.0,0.0,0.0,4.0625,0.0625,0.0,0.78125,4.999999999999999,8.6,5.19,15.0,3.8
0.8600000000000001,10,Sterling Shepard,30.0,7.7,4.9,-0.9,0.0,0.1,52.0,0.2,0.0,6.3100000000000005,4.999999999999999,8.6,5.19,15.0,3.8
1.0,9,David Sills,27.0,1.8888888888888888,1.2222222222222223,0.0,0.0,0.0,11.777777777777779,0.0,0.0,1.1777777777777778,4.999999999999999,8.6,5.19,15.0,3.8
1.0,16,Darius Slayton,26.0,4.4375,2.875,0.0,0.0,0.0,45.25,0.125,0.125,5.025,4.999999999999999,8.6,5.19,15.0,3.8
0.8555555555555556,18,Tommy Sweeney,28.0,0.7222222222222222,0.5555555555555556,0.0,0.0,0.0,2.8333333333333335,0.05555555555555555,0.05555555555555555,0.5055555555555555,4.999999999999999,8.6,5.19,15.0,3.8
1.0,9,Nick Vannett,30.0,1.0,0.6666666666666666,0.0,0.0,0.0,6.111111111111111,0.0,0.0,0.6111111111111112,4.999999999999999,8.6,5.19,15.0,3.8
1.0,9,Darren Waller,31.0,4.777777777777778,3.111111111111111,0.0,0.0,0.0,43.111111111111114,0.3333333333333333,0.0,6.311111111111112,4.999999999999999,8.6,5.19,15.0,3.8
0.8,9,Nick Bawden,27.0,0.1111111111111111,0.1111111111111111,0.0,0.0,0.0,2.2222222222222223,0.0,0.0,0.22222222222222224,3.4,3.4,6.86,4.0,3.6
1.0,16,Michael Carter,24.0,3.375,2.5625,25.125,0.1875,7.125,18.0,0.0,0.125,5.1875,3.4,3.4,6.86,4.0,3.6
1.0,17,Tyler Conklin,28.0,5.117647058823529,3.411764705882353,0.17647058823529413,0.0,0.11764705882352941,32.470588235294116,0.17647058823529413,0.11764705882352941,4.088235294117647,3.4,3.4,6.86,4.0,3.6
1.0,13,Corey Davis,28.0,4.923076923076923,2.4615384615384617,0.0,0.0,0.0,41.23076923076923,0.15384615384615385,0.0,5.046153846153847,3.4,3.4,6.86,4.0,3.6
1.0,7,Breece Hall,22.0,4.428571428571429,2.7142857142857144,66.14285714285714,0.5714285714285714,11.428571428571429,31.142857142857142,0.14285714285714285,0.14285714285714285,13.728571428571428,3.4,3.4,6.86,4.0,3.6
1.0,8,Mecole Hardman,25.0,4.25,3.125,3.875,0.25,0.5,37.125,0.5,0.125,8.350000000000001,3.4,3.4,6.86,4.0,3.6
1.0,17,Ty Johnson,26.0,1.411764705882353,0.7058823529411765,9.411764705882353,0.058823529411764705,1.7647058823529411,5.176470588235294,0.0,0.0,1.8117647058823532,3.4,3.4,6.86,4.0,3.6
1.0,7,Zonovan Knight,22.0,2.0,1.8571428571428572,42.857142857142854,0.14285714285714285,12.142857142857142,14.285714285714286,0.0,0.2857142857142857,6.0,3.4,3.4,6.86,4.0,3.6
1.0,15,Allen Lazard,28.0,6.666666666666667,4.0,0.0,0.0,0.13333333333333333,52.53333333333333,0.4,0.0,7.653333333333334,3.4,3.4,6.86,4.0,3.6
1.0,10,Denzel Mims,26.0,2.5,1.1,0.0,0.0,0.0,18.6,0.0,0.0,1.8600000000000003,3.4,3.4,6.86,4.0,3.6
1.0,9,Jeremy Ruckert,23.0,0.2222222222222222,0.1111111111111111,0.0,0.0,0.0,0.8888888888888888,0.0,0.0,0.08888888888888889,3.4,3.4,6.86,4.0,3.6
1.0,11,Jeff Smith,26.0,1.0,0.7272727272727273,0.0,0.0,0.0,12.181818181818182,0.0,0.0,1.2181818181818183,3.4,3.4,6.86,4.0,3.6
0.8,15,Diontae Spencer,31.0,0.26666666666666666,0.06666666666666667,0.0,0.0,0.0,-0.2,0.0,0.13333333333333333,-0.2866666666666667,3.4,3.4,6.86,4.0,3.6
0.8,10,Malik Taylor,28.0,0.3,0.2,0.0,0.0,0.0,1.4,0.0,0.1,-0.060000000000000026,3.4,3.4,6.86,4.0,3.6
1.0,15,C.J. Uzomah,30.0,1.8,1.4,0.0,0.0,0.0,15.466666666666667,0.13333333333333333,0.0,2.3466666666666667,3.4,3.4,6.86,4.0,3.6
1.0,17,Garrett Wilson,23.0,8.647058823529411,4.882352941176471,0.23529411764705882,0.0,0.23529411764705882,64.88235294117646,0.23529411764705882,0.11764705882352941,7.688235294117647,3.4,3.4,6.86,4.0,3.6
0.8,9,Kenny Yeboah,25.0,0.3333333333333333,0.2222222222222222,0.0,0.0,0.0,4.0,0.0,0.0,0.4,3.4,3.4,6.86,4.0,3.6
1.0,17,A.J. Brown,26.0,8.529411764705882,5.176470588235294,0.0,0.0,0.0,88.0,0.6470588235294118,0.11764705882352941,12.447058823529414,10.2,3.4,12.145,20.0,5.800000000000001
1.0,15,Grant Calcaterra,25.0,0.6,0.3333333333333333,0.0,0.0,0.0,5.4,0.0,0.0,0.54,10.2,3.4,12.145,20.0,5.800000000000001
0.8923076923076925,13,Tyrie Cleveland,26.0,0.6153846153846154,0.15384615384615385,0.0,0.0,0.0,2.1538461538461537,0.0,0.0,0.2153846153846154,10.2,3.4,12.145,20.0,5.800000000000001
1.0,17,Kenneth Gainwell,24.0,1.7058823529411764,1.3529411764705883,14.117647058823529,0.23529411764705882,3.1176470588235294,9.941176470588236,0.0,0.0,3.8176470588235296,10.2,3.4,12.145,20.0,5.800000000000001
1.0,12,Dallas Goedert,28.0,5.75,4.583333333333333,0.0,0.0,0.0,58.5,0.25,0.08333333333333333,7.183333333333334,10.2,3.4,12.145,20.0,5.800000000000001
0.8,9,Tyree Jackson,26.0,0.7777777777777778,0.3333333333333333,0.0,0.0,0.0,2.4444444444444446,0.1111111111111111,0.0,0.9111111111111111,10.2,3.4,12.145,20.0,5.800000000000001
0.8666666666666667,15,Rashaad Penny,27.0,0.8666666666666667,0.6666666666666666,73.0,0.5333333333333333,11.733333333333333,4.266666666666667,0.0,0.06666666666666667,10.793333333333335,10.2,3.4,12.145,20.0,5.800000000000001
1.0,15,Boston Scott,28.0,0.4,0.3333333333333333,14.466666666666667,0.2,3.6,1.0,0.0,0.0,2.746666666666667,10.2,3.4,12.145,20.0,5.800000000000001
0.8363636363636363,11,Trey Sermon,24.0,0.36363636363636365,0.2727272727272727,16.90909090909091,0.09090909090909091,3.909090909090909,2.3636363636363638,0.0,0.0,2.4727272727272727,10.2,3.4,12.145,20.0,5.800000000000001
1.0,17,DeVonta Smith,25.0,8.0,5.588235294117647,0.0,0.0,0.0,70.3529411764706,0.4117647058823529,0.058823529411764705,9.38823529411765,10.2,3.4,12.145,20.0,5.800000000000001
1.0,17,Jack Stoll,25.0,0.8235294117647058,0.6470588235294118,0.0,0.0,0.0,7.235294117647059,0.0,0.0,0.723529411764706,10.2,3.4,12.145,20.0,5.800000000000001
0.8,17,Greg Ward,28.0,0.6470588235294118,0.4117647058823529,0.0,0.0,0.0,5.588235294117647,0.17647058823529413,0.0,1.6176470588235294,10.2,3.4,12.145,20.0,5.800000000000001
1.0,17,Quez Watkins,25.0,3.0,1.9411764705882353,0.058823529411764705,0.0,0.17647058823529413,20.823529411764707,0.17647058823529413,0.058823529411764705,3.0294117647058827,10.2,3.4,12.145,20.0,5.800000000000001
0.725,8,Ja\'Marcus Bradley,27.0,1.875,1.125,0.0,0.0,0.0,15.5,0.0,0.0,1.55,7.4,5.4,5.860000000000001,7.0,5.000000000000001
1.0,16,Pat Freiermuth,25.0,6.125,3.9375,0.0,0.0,0.0,45.75,0.125,0.0,5.325,7.4,5.4,5.860000000000001,7.0,5.000000000000001
1.0,17,Zach Gentry,27.0,1.3529411764705883,1.1176470588235294,0.0,0.0,0.0,7.764705882352941,0.0,0.0,0.7764705882352941,7.4,5.4,5.860000000000001,7.0,5.000000000000001
1.0,17,Najee Harris,25.0,3.1176470588235294,2.411764705882353,60.8235294117647,0.4117647058823529,16.0,13.470588235294118,0.17647058823529413,0.17647058823529413,10.605882352941176,7.4,5.4,5.860000000000001,7.0,5.000000000000001
1.0,17,Connor Heyward,24.0,1.0,0.7058823529411765,1.588235294117647,0.0,0.11764705882352941,8.882352941176471,0.058823529411764705,0.0,1.4,7.4,5.4,5.860000000000001,7.0,5.000000000000001
1.0,17,Diontae Johnson,27.0,8.647058823529411,5.0588235294117645,1.4705882352941178,0.0,0.4117647058823529,51.88235294117647,0.0,0.058823529411764705,5.21764705882353,7.4,5.4,5.860000000000001,7.0,5.000000000000001
0.6571428571428571,14,Anthony McFarland Jr.,24.0,0.8571428571428571,0.6428571428571429,10.428571428571429,0.0,3.0,5.428571428571429,0.0,0.0,1.5857142857142859,7.4,5.4,5.860000000000001,7.0,5.000000000000001
0.631578947368421,19,Anthony Miller,29.0,4.631578947368421,2.8947368421052633,0.631578947368421,0.0,0.10526315789473684,26.842105263157894,0.15789473684210525,0.10526315789473684,3.484210526315789,7.4,5.4,5.860000000000001,7.0,5.000000000000001
1.0,16,Gunner Olszewski,27.0,0.4375,0.3125,2.4375,0.0,0.5,3.3125,0.0,0.125,0.32500000000000007,7.4,5.4,5.860000000000001,7.0,5.000000000000001
1.0,17,George Pickens,22.0,4.9411764705882355,3.0588235294117645,1.411764705882353,0.058823529411764705,0.17647058823529413,47.11764705882353,0.23529411764705882,0.0,6.617647058823529,7.4,5.4,5.860000000000001,7.0,5.000000000000001
1.0,10,Allen Robinson,30.0,5.2,3.3,0.0,0.0,0.0,33.9,0.3,0.0,5.1899999999999995,7.4,5.4,5.860000000000001,7.0,5.000000000000001
1.0,16,Jaylen Warren,25.0,2.0625,1.75,23.6875,0.0625,4.8125,13.375,0.0,0.0625,3.95625,7.4,5.4,5.860000000000001,7.0,5.000000000000001
0.8125,16,Cody White,25.0,0.4375,0.375,0.0,0.0,0.0,2.1875,0.0,0.0,0.21875,7.4,5.4,5.860000000000001,7.0,5.000000000000001
1.0,17,Brandon Aiyuk,25.0,6.705882352941177,4.588235294117647,1.3529411764705883,0.0,0.11764705882352941,59.705882352941174,0.47058823529411764,0.058823529411764705,8.811764705882354,8.6,7.6,7.999999999999999,6.0,6.6000000000000005
1.0,9,Chris Conley,31.0,0.7777777777777778,0.4444444444444444,0.0,0.0,0.0,5.111111111111111,0.0,0.0,0.5111111111111111,8.6,7.6,7.999999999999999,6.0,6.6000000000000005
1.0,12,Ross Dwelley,28.0,0.4166666666666667,0.25,0.0,0.0,0.0,8.75,0.08333333333333333,0.0,1.375,8.6,7.6,7.999999999999999,6.0,6.6000000000000005
1.0,13,Danny Gray,24.0,0.5384615384615384,0.07692307692307693,0.6923076923076923,0.0,0.07692307692307693,0.7692307692307693,0.0,0.0,0.14615384615384616,8.6,7.6,7.999999999999999,6.0,6.6000000000000005
1.0,16,Jauan Jennings,26.0,3.5,2.1875,0.0,0.0,0.0,26.0,0.0625,0.0625,2.85,8.6,7.6,7.999999999999999,6.0,6.6000000000000005
0.8571428571428571,7,Tyron Johnson,27.0,0.8571428571428571,0.42857142857142855,0.0,0.0,0.0,3.4285714285714284,0.0,0.0,0.34285714285714286,8.6,7.6,7.999999999999999,6.0,6.6000000000000005
1.0,16,Kyle Juszczyk,32.0,1.4375,1.1875,1.625,0.0625,0.4375,12.5,0.0625,0.0,2.1625,8.6,7.6,7.999999999999999,6.0,6.6000000000000005
1.0,15,George Kittle,30.0,5.733333333333333,4.0,0.0,0.0,0.0,51.0,0.7333333333333333,0.06666666666666667,9.366666666666667,8.6,7.6,7.999999999999999,6.0,6.6000000000000005
1.0,16,Jordan Mason,24.0,0.0,0.0,16.125,0.0625,2.6875,0.0,0.0,0.0,1.9875,8.6,7.6,7.999999999999999,6.0,6.6000000000000005
1.0,17,Christian McCaffrey,27.0,6.352941176470588,5.0,67.0,0.47058823529411764,14.352941176470589,43.588235294117645,0.29411764705882354,0.058823529411764705,15.529411764705884,8.6,7.6,7.999999999999999,6.0,6.6000000000000005
1.0,17,Ray-Ray McCloud,27.0,1.4705882352941178,0.8235294117647058,4.588235294117647,0.058823529411764705,0.23529411764705882,14.294117647058824,0.058823529411764705,0.11764705882352941,2.3588235294117648,8.6,7.6,7.999999999999999,6.0,6.6000000000000005
0.8625,16,Elijah Mitchell,25.0,1.5,1.375,77.625,0.4375,15.75,9.0,0.0625,0.0,11.6625,8.6,7.6,7.999999999999999,6.0,6.6000000000000005
1.0,13,Deebo Samuel,27.0,7.230769230769231,4.3076923076923075,17.846153846153847,0.23076923076923078,3.230769230769231,48.61538461538461,0.15384615384615385,0.23076923076923078,8.492307692307692,8.6,7.6,7.999999999999999,6.0,6.6000000000000005
1.0,17,Charlie Woerner,26.0,0.11764705882352941,0.0,0.0,0.0,0.0,0.0,0.0,0.0,0.0,8.6,7.6,7.999999999999999,6.0,6.6000000000000005
1.0,15,DeeJay Dallas,25.0,1.2666666666666666,1.1333333333333333,12.4,0.0,2.3333333333333335,8.4,0.0,0.06666666666666667,1.9466666666666668,6.6000000000000005,6.199999999999999,7.1,15.0,3.8
1.0,15,Will Dissly,27.0,2.533333333333333,2.2666666666666666,0.0,0.0,0.0,23.266666666666666,0.2,0.0,3.526666666666667,6.6000000000000005,6.199999999999999,7.1,15.0,3.8
1.0,10,D\'Wayne Eskridge,26.0,1.3,0.7,1.0,0.0,0.2,5.8,0.0,0.0,0.6799999999999999,6.6000000000000005,6.199999999999999,7.1,15.0,3.8
1.0,17,Noah Fant,26.0,3.7058823529411766,2.9411764705882355,0.0,0.0,0.0,28.58823529411765,0.23529411764705882,0.0,4.2705882352941185,6.6000000000000005,6.199999999999999,7.1,15.0,3.8
1.0,16,Tyler Lockett,31.0,7.3125,5.25,0.0,0.0,0.0,64.5625,0.5625,0.125,9.58125,6.6000000000000005,6.199999999999999,7.1,15.0,3.8
1.0,17,D.K. Metcalf,26.0,8.294117647058824,5.294117647058823,0.0,0.0,0.0,61.64705882352941,0.35294117647058826,0.11764705882352941,8.047058823529413,6.6000000000000005,6.199999999999999,7.1,15.0,3.8
1.0,17,Colby Parkinson,24.0,2.0,1.4705882352941178,0.0,0.0,0.0,18.941176470588236,0.11764705882352941,0.0,2.6,6.6000000000000005,6.199999999999999,7.1,15.0,3.8
1.0,15,Kenneth Walker III,23.0,2.3333333333333335,1.8,70.0,0.6,15.2,11.0,0.0,0.0,11.7,6.6000000000000005,6.199999999999999,7.1,15.0,3.8
1.0,13,Dareke Young,24.0,0.15384615384615385,0.15384615384615385,0.0,0.0,0.0,1.8461538461538463,0.0,0.0,0.18461538461538463,6.6000000000000005,6.199999999999999,7.1,15.0,3.8
0.8,10,Dominique Dafney,26.0,0.4,0.2,0.0,0.0,0.0,3.4,0.0,0.0,0.34,6.0,3.4,5.860000000000001,3.0,2.6000000000000005
1.0,13,Chase Edmonds,27.0,1.8461538461538463,1.2307692307692308,18.846153846153847,0.15384615384615385,5.230769230769231,12.076923076923077,0.07692307692307693,0.0,4.476923076923078,6.0,3.4,5.860000000000001,3.0,2.6000000000000005
1.0,15,Mike Evans,30.0,8.466666666666667,5.133333333333334,0.0,0.0,0.0,74.93333333333334,0.4,0.0,9.893333333333334,6.0,3.4,5.860000000000001,3.0,2.6000000000000005
1.0,13,Russell Gage,27.0,5.384615384615385,3.923076923076923,0.0,0.0,0.0,32.76923076923077,0.38461538461538464,0.07692307692307693,5.43076923076923,6.0,3.4,5.860000000000001,3.0,2.6000000000000005
1.0,15,Chris Godwin,27.0,9.466666666666667,6.933333333333334,0.3333333333333333,0.0,0.2,68.2,0.2,0.13333333333333333,7.786666666666668,6.0,3.4,5.860000000000001,3.0,2.6000000000000005
1.0,17,Ko Kieft,25.0,0.5882352941176471,0.4117647058823529,0.0,0.0,0.0,4.705882352941177,0.058823529411764705,0.0,0.8235294117647058,6.0,3.4,5.860000000000001,3.0,2.6000000000000005
0.6545454545454545,22,Patrick Laird,28.0,0.6818181818181818,0.5909090909090909,3.4545454545454546,0.0,0.6363636363636364,3.8636363636363638,0.0,0.045454545454545456,0.640909090909091,6.0,3.4,5.860000000000001,3.0,2.6000000000000005
1.0,16,Cade Otton,24.0,4.0625,2.625,0.0,0.0,0.0,24.4375,0.125,0.0,3.19375,6.0,3.4,5.860000000000001,3.0,2.6000000000000005
1.0,15,Ke\'Shawn Vaughn,26.0,0.26666666666666666,0.2,3.533333333333333,0.0,1.1333333333333333,1.2666666666666666,0.0,0.0,0.48,6.0,3.4,5.860000000000001,3.0,2.6000000000000005
1.0,17,Rachaad White,24.0,3.411764705882353,2.9411764705882355,28.294117647058822,0.058823529411764705,7.588235294117647,17.058823529411764,0.11764705882352941,0.17647058823529413,5.241176470588235,6.0,3.4,5.860000000000001,3.0,2.6000000000000005
0.8800000000000001,10,C.J. Board,30.0,0.7,0.5,0.6,0.0,0.1,5.7,0.0,0.1,0.4300000000000001,3.6,7.999999999999999,3.715,8.0,3.2
1.0,11,Treylon Burks,23.0,4.909090909090909,3.0,4.2727272727272725,0.0,0.36363636363636365,40.36363636363637,0.09090909090909091,0.0,5.00909090909091,3.6,7.999999999999999,3.715,8.0,3.2
1.0,15,Hassan Haskins,24.0,0.8,0.7333333333333333,6.2,0.0,1.6666666666666667,3.8,0.0,0.0,1.0,3.6,7.999999999999999,3.715,8.0,3.2
0.8,8,Derrick Henry,29.0,2.5,2.25,117.125,1.25,27.375,19.25,0.0,0.125,20.887500000000003,3.6,7.999999999999999,3.715,8.0,3.2
1.0,11,Cody Hollister,30.0,0.45454545454545453,0.2727272727272727,0.0,0.0,0.0,4.909090909090909,0.0,0.0,0.49090909090909096,3.6,7.999999999999999,3.715,8.0,3.2
0.8714285714285713,14,Racey McMath,24.0,1.0,0.2857142857142857,0.2857142857142857,0.0,0.07142857142857142,3.4285714285714284,0.0,0.07142857142857142,0.2285714285714286,3.6,7.999999999999999,3.715,8.0,3.2
1.0,17,Chigoziem Okonkwo,24.0,2.7058823529411766,1.8823529411764706,0.11764705882352941,0.0,0.17647058823529413,26.470588235294116,0.17647058823529413,0.0,3.7176470588235295,3.6,7.999999999999999,3.715,8.0,3.2
0.7714285714285715,7,Kevin Rader,28.0,0.5714285714285714,0.2857142857142857,0.0,0.0,0.0,1.1428571428571428,0.0,0.0,0.11428571428571428,3.6,7.999999999999999,3.715,8.0,3.2
0.8375,16,Jonathan Ward,26.0,0.4375,0.3125,3.625,0.0,0.875,2.5625,0.0,0.0,0.6187500000000001,3.6,7.999999999999999,3.715,8.0,3.2
1.0,14,Trevon Wesco,28.0,0.2857142857142857,0.14285714285714285,0.0,0.0,0.0,1.8571428571428572,0.0,0.0,0.18571428571428572,3.6,7.999999999999999,3.715,8.0,3.2
1.0,17,Nick Westbrook-Ikhine,26.0,2.9411764705882355,1.4705882352941178,0.0,0.0,0.0,23.352941176470587,0.17647058823529413,0.0,3.394117647058824,3.6,7.999999999999999,3.715,8.0,3.2
0.8,9,Alex Armah,29.0,0.1111111111111111,0.1111111111111111,2.3333333333333335,0.0,0.5555555555555556,0.1111111111111111,0.1111111111111111,0.0,0.9111111111111111,5.8,5.1,6.569999999999999,10.0,1.8
1.0,16,John Bates,26.0,1.375,0.875,0.0,0.0,0.0,6.75,0.0625,0.0625,0.925,5.8,5.1,6.569999999999999,10.0,1.8
1.0,15,Dyami Brown,24.0,0.9333333333333333,0.3333333333333333,1.0,0.0,0.06666666666666667,9.533333333333333,0.13333333333333333,0.0,1.8533333333333335,5.8,5.1,6.569999999999999,10.0,1.8
1.0,12,Jahan Dotson,23.0,5.083333333333333,2.9166666666666665,-0.5833333333333334,0.0,0.16666666666666666,43.583333333333336,0.5833333333333334,0.0,7.8,5.8,5.1,6.569999999999999,10.0,1.8
0.8,17,Alex Erickson,31.0,0.23529411764705882,0.17647058823529413,0.0,0.0,0.0,3.235294117647059,0.0,0.0,0.3235294117647059,5.8,5.1,6.569999999999999,10.0,1.8
1.0,15,Antonio Gibson,25.0,3.8666666666666667,3.066666666666667,36.4,0.2,9.933333333333334,23.533333333333335,0.13333333333333333,0.06666666666666667,7.86,5.8,5.1,6.569999999999999,10.0,1.8
0.8,16,Marcus Kemp,28.0,0.3125,0.125,0.0,0.0,0.0,1.5,0.0,0.0,0.15000000000000002,5.8,5.1,6.569999999999999,10.0,1.8
1.0,17,Terry McLaurin,28.0,7.0588235294117645,4.529411764705882,1.7058823529411764,0.0,0.4117647058823529,70.05882352941177,0.29411764705882354,0.058823529411764705,8.823529411764707,5.8,5.1,6.569999999999999,10.0,1.8
1.0,15,Dax Milne,24.0,0.4666666666666667,0.4,0.0,0.0,0.0,2.466666666666667,0.06666666666666667,0.06666666666666667,0.5133333333333334,5.8,5.1,6.569999999999999,10.0,1.8
1.0,12,Brian Robinson Jr.,24.0,1.0,0.75,66.41666666666667,0.16666666666666666,17.083333333333332,5.0,0.08333333333333333,0.16666666666666666,8.308333333333334,5.8,5.1,6.569999999999999,10.0,1.8
1.0,11,Armani Rogers,26.0,0.5454545454545454,0.45454545454545453,2.3636363636363638,0.0,0.18181818181818182,5.818181818181818,0.0,0.0,0.8181818181818183,5.8,5.1,6.569999999999999,10.0,1.8
1.0,17,Curtis Samuel,27.0,5.411764705882353,3.764705882352941,11.0,0.058823529411764705,2.235294117647059,38.588235294117645,0.23529411764705882,0.058823529411764705,6.605882352941176,5.8,5.1,6.569999999999999,10.0,1.8
1.0,14,Logan Thomas,32.0,4.357142857142857,2.7857142857142856,0.0,0.0,0.0,23.071428571428573,0.07142857142857142,0.0,2.7357142857142858,5.8,5.1,6.569999999999999,10.0,1.8
1.0,10,Cole Turner,23.0,0.9,0.2,0.0,0.0,0.0,2.3,0.0,0.0,0.22999999999999998,5.8,5.1,6.569999999999999,10.0,1.8
1.0,13,Jonathan Williams,29.0,0.7692307692307693,0.5384615384615384,11.692307692307692,0.0,2.8461538461538463,3.076923076923077,0.0,0.0,1.476923076923077,5.8,5.1,6.569999999999999,10.0,1.8
