Team,Pos,Penalty,Games,Name,Age,Tgt,Rec,RushingYds,RushingTD,RushingAtt,ReceivingYds,ReceivingTD,Fumbles,PPG,ol,rb,wr,qb,te
crd,WR,1.0,8,Andre Baccellia,26.0,1.25,0.875,0.0,0.0,0.0,5.625,0.0,0.0,1.0,4.999999999999999,5.199999999999999,5.430000000000001,8.0,2.8000000000000003
crd,WR,1.0,12,Marquise Brown,26.0,8.916666666666666,5.583333333333333,0.08333333333333333,0.0,0.08333333333333333,59.083333333333336,0.25,0.08333333333333333,10.041666666666668,4.999999999999999,5.199999999999999,5.430000000000001,8.0,2.8000000000000003
crd,RB,1.0,9,Corey Clement,29.0,0.7777777777777778,0.5555555555555556,6.111111111111111,0.1111111111111111,1.6666666666666667,6.0,0.0,0.0,2.1555555555555554,4.999999999999999,5.199999999999999,5.430000000000001,8.0,2.8000000000000003
crd,RB,1.0,13,James Conner,28.0,4.461538461538462,3.5384615384615383,60.15384615384615,0.5384615384615384,14.076923076923077,23.076923076923077,0.07692307692307693,0.23076923076923078,13.323076923076925,4.999999999999999,5.199999999999999,5.430000000000001,8.0,2.8000000000000003
crd,WR,0.9384615384615385,13,Pharoh Cooper,28.0,1.0,0.46153846153846156,1.3846153846153846,0.0,0.38461538461538464,3.0,0.0,0.0,0.6692307692307693,4.999999999999999,5.199999999999999,5.430000000000001,8.0,2.8000000000000003
crd,WR,1.0,16,Greg Dortch,25.0,4.0,3.25,2.75,0.0,0.4375,29.1875,0.125,0.0625,5.44375,4.999999999999999,5.199999999999999,5.430000000000001,8.0,2.8000000000000003
crd,TE,1.0,10,Zach Ertz,33.0,6.9,4.7,0.0,0.0,0.0,40.6,0.4,0.0,8.81,4.999999999999999,5.199999999999999,5.430000000000001,8.0,2.8000000000000003
crd,WR,1.0,9,DeAndre Hopkins,31.0,10.666666666666666,7.111111111111111,0.0,0.0,0.0,79.66666666666667,0.3333333333333333,0.2222222222222222,13.07777777777778,4.999999999999999,5.199999999999999,5.430000000000001,8.0,2.8000000000000003
crd,RB,1.0,12,Keaontay Ingram,24.0,0.4166666666666667,0.3333333333333333,5.0,0.08333333333333333,2.25,1.75,0.0,0.0,1.3416666666666668,4.999999999999999,5.199999999999999,5.430000000000001,8.0,2.8000000000000003
crd,TE,1.0,16,Trey McBride,24.0,2.4375,1.8125,0.0,0.0,0.0,16.5625,0.0625,0.0625,2.8125,4.999999999999999,5.199999999999999,5.430000000000001,8.0,2.8000000000000003
crd,WR,1.0,8,Rondale Moore,23.0,7.0,5.125,-0.625,0.0,0.75,51.75,0.125,0.0,8.425,4.999999999999999,5.199999999999999,5.430000000000001,8.0,2.8000000000000003
crd,WR,1.0,17,Zach Pascal,29.0,1.1176470588235294,0.8823529411764706,0.0,0.0,0.058823529411764705,8.823529411764707,0.058823529411764705,0.0,1.6764705882352942,4.999999999999999,5.199999999999999,5.430000000000001,8.0,2.8000000000000003
crd,WR,0.9,7,Auden Tate,26.0,0.5714285714285714,0.42857142857142855,0.0,0.0,0.0,5.571428571428571,0.14285714285714285,0.0,1.6285714285714283,4.999999999999999,5.199999999999999,5.430000000000001,8.0,2.8000000000000003
crd,RB,0.9071428571428573,14,Ty\'Son Williams,27.0,0.9285714285714286,0.7142857142857143,13.214285714285714,0.07142857142857142,2.5,6.357142857142857,0.0,0.07142857142857142,2.6,4.999999999999999,5.199999999999999,5.430000000000001,8.0,2.8000000000000003
crd,WR,0.8,13,Javon Wims,29.0,0.9230769230769231,0.46153846153846156,0.15384615384615385,0.0,0.07692307692307693,3.6923076923076925,0.07692307692307693,0.0,1.076923076923077,4.999999999999999,5.199999999999999,5.430000000000001,8.0,2.8000000000000003
atl,RB,1.0,16,Tyler Allgeier,23.0,1.0625,1.0,64.6875,0.1875,13.125,8.6875,0.0625,0.0,9.3375,7.200000000000001,7.699999999999999,6.335000000000001,6.0,3.6
atl,WR,0.9333333333333333,15,Frank Darby,26.0,0.3333333333333333,0.13333333333333333,0.0,0.0,0.0,1.9333333333333333,0.0,0.0,0.26,7.200000000000001,7.699999999999999,6.335000000000001,6.0,3.6
atl,TE,1.0,11,Feleipe Franks,26.0,0.18181818181818182,0.0,0.0,0.0,0.09090909090909091,0.0,0.0,0.0,0.0,7.200000000000001,7.699999999999999,6.335000000000001,6.0,3.6
atl,TE,1.0,17,Parker Hesse,28.0,0.6470588235294118,0.5294117647058824,0.0,0.0,0.0,5.235294117647059,0.0,0.0,0.7882352941176471,7.200000000000001,7.699999999999999,6.335000000000001,6.0,3.6
atl,WR,1.0,17,KhaDarel Hodge,28.0,1.1764705882352942,0.7647058823529411,0.0,0.0,0.0,11.882352941176471,0.058823529411764705,0.0,1.9235294117647057,7.200000000000001,7.699999999999999,6.335000000000001,6.0,3.6
atl,WR,1.0,17,Mack Hollins,30.0,5.529411764705882,3.3529411764705883,2.3529411764705883,0.0,0.23529411764705882,40.588235294117645,0.23529411764705882,0.0,7.38235294117647,7.200000000000001,7.699999999999999,6.335000000000001,6.0,3.6
atl,RB,1.0,12,Caleb Huntley,25.0,0.16666666666666666,0.16666666666666666,30.5,0.08333333333333333,6.333333333333333,0.25,0.0,0.08333333333333333,3.491666666666667,7.200000000000001,7.699999999999999,6.335000000000001,6.0,3.6
atl,WR,1.0,17,Drake London,22.0,6.882352941176471,4.235294117647059,0.0,0.0,0.0,50.94117647058823,0.23529411764705882,0.17647058823529413,8.270588235294118,7.200000000000001,7.699999999999999,6.335000000000001,6.0,3.6
atl,WR,1.0,15,Scott Miller,26.0,2.6666666666666665,1.5333333333333334,0.5333333333333333,0.0,0.06666666666666667,12.333333333333334,0.0,0.0,2.0533333333333332,7.200000000000001,7.699999999999999,6.335000000000001,6.0,3.6
atl,RB,1.0,13,Cordarrelle Patterson,32.0,2.3846153846153846,1.6153846153846154,53.46153846153846,0.6153846153846154,11.076923076923077,9.384615384615385,0.0,0.07692307692307693,10.630769230769234,7.200000000000001,7.699999999999999,6.335000000000001,6.0,3.6
atl,TE,1.0,10,Kyle Pitts,23.0,5.9,2.8,0.0,0.0,0.0,35.6,0.2,0.0,6.16,7.200000000000001,7.699999999999999,6.335000000000001,6.0,3.6
atl,TE,1.0,14,Jonnu Smith,28.0,2.7142857142857144,1.9285714285714286,0.35714285714285715,0.0,0.07142857142857142,17.5,0.0,0.07142857142857142,2.607142857142857,7.200000000000001,7.699999999999999,6.335000000000001,6.0,3.6
atl,RB,1.0,17,Keith Smith,31.0,0.11764705882352941,0.058823529411764705,0.11764705882352941,0.0,0.058823529411764705,0.47058823529411764,0.0,0.0,0.08823529411764705,7.200000000000001,7.699999999999999,6.335000000000001,6.0,3.6
atl,RB,1.0,17,Avery Williams,25.0,0.8235294117647058,0.7647058823529411,6.411764705882353,0.058823529411764705,1.2941176470588236,3.588235294117647,0.0,0.058823529411764705,1.6176470588235294,7.200000000000001,7.699999999999999,6.335000000000001,6.0,3.6
rav,WR,1.0,16,Nelson Agholor,30.0,3.3125,1.9375,0.0,0.0,0.0,22.625,0.125,0.125,3.73125,5.6000000000000005,3.7,4.140000000000001,12.0,7.2
rav,TE,1.0,15,Mark Andrews,28.0,7.533333333333333,4.866666666666666,0.5333333333333333,0.0,0.2,56.46666666666667,0.3333333333333333,0.06666666666666667,10.0,5.6000000000000005,3.7,4.140000000000001,12.0,7.2
rav,WR,0.9333333333333333,18,Rashod Bateman,24.0,5.333333333333333,3.388888888888889,0.0,0.0,0.0,44.44444444444444,0.16666666666666666,0.05555555555555555,7.027777777777779,5.6000000000000005,3.7,4.140000000000001,12.0,7.2
rav,WR,0.9000000000000001,14,Odell Beckham Jr.,31.0,5.857142857142857,3.142857142857143,1.0,0.0,0.14285714285714285,38.357142857142854,0.35714285714285715,0.0,7.6499999999999995,5.6000000000000005,3.7,4.140000000000001,12.0,7.2
rav,RB,1.0,8,J.K. Dobbins,25.0,1.0,0.875,65.0,0.25,11.5,5.25,0.125,0.0,9.7125,5.6000000000000005,3.7,4.140000000000001,12.0,7.2
rav,WR,1.0,14,Devin Duvernay,26.0,3.5,2.642857142857143,6.0,0.07142857142857142,0.8571428571428571,29.071428571428573,0.21428571428571427,0.07142857142857142,6.3999999999999995,5.6000000000000005,3.7,4.140000000000001,12.0,7.2
rav,RB,1.0,9,Gus Edwards,28.0,0.2222222222222222,0.0,48.111111111111114,0.3333333333333333,9.666666666666666,0.0,0.0,0.1111111111111111,6.5888888888888895,5.6000000000000005,3.7,4.140000000000001,12.0,7.2
rav,RB,1.0,15,Justice Hill,26.0,0.8,0.8,17.466666666666665,0.0,3.2666666666666666,3.8666666666666667,0.0,0.13333333333333333,2.2666666666666666,5.6000000000000005,3.7,4.140000000000001,12.0,7.2
rav,WR,0.9384615384615385,13,Andy Isabella,27.0,0.46153846153846156,0.23076923076923078,0.07692307692307693,0.0,0.07692307692307693,2.6153846153846154,0.0,0.0,0.3846153846153847,5.6000000000000005,3.7,4.140000000000001,12.0,7.2
rav,TE,1.0,16,Isaiah Likely,23.0,3.75,2.25,0.0,0.0,0.0,23.3125,0.1875,0.0,4.581250000000001,5.6000000000000005,3.7,4.140000000000001,12.0,7.2
rav,WR,1.0,15,James Proche,27.0,1.1333333333333333,0.5333333333333333,0.0,0.0,0.0,4.133333333333334,0.0,0.0,0.68,5.6000000000000005,3.7,4.140000000000001,12.0,7.2
rav,RB,1.0,17,Patrick Ricard,29.0,0.7647058823529411,0.6470588235294118,0.9411764705882353,0.0,0.4117647058823529,4.352941176470588,0.0,0.0,0.8529411764705883,5.6000000000000005,3.7,4.140000000000001,12.0,7.2
rav,WR,1.0,10,Mike Thomas,29.0,1.0,0.2,0.0,0.0,0.0,3.8,0.0,0.0,0.48,5.6000000000000005,3.7,4.140000000000001,12.0,7.2
rav,WR,1.0,9,Tylan Wallace,24.0,0.7777777777777778,0.4444444444444444,0.0,0.0,0.0,3.6666666666666665,0.0,0.0,0.5888888888888889,5.6000000000000005,3.7,4.140000000000001,12.0,7.2
buf,WR,0.9199999999999999,20,Cole Beasley,34.0,5.95,4.4,0.0,0.0,0.0,36.4,0.05,0.05,6.040000000000001,9.0,4.4,9.855,20.0,4.2
buf,RB,1.0,16,James Cook,24.0,2.0,1.3125,31.6875,0.125,5.5625,11.25,0.0625,0.0625,5.95,9.0,4.4,9.855,20.0,4.2
buf,WR,1.0,15,Gabriel Davis,24.0,6.2,3.2,0.0,0.0,0.0,55.733333333333334,0.4666666666666667,0.06666666666666667,9.840000000000002,9.0,4.4,9.855,20.0,4.2
buf,WR,1.0,16,Stefon Diggs,30.0,9.625,6.75,-0.1875,0.0,0.0625,89.3125,0.6875,0.0625,16.2875,9.0,4.4,9.855,20.0,4.2
buf,RB,1.0,15,Reggie Gilliam,26.0,0.6666666666666666,0.5333333333333333,0.0,0.0,0.0,4.6,0.06666666666666667,0.0,1.1266666666666667,9.0,4.4,9.855,20.0,4.2
buf,RB,1.0,11,Damien Harris,26.0,2.090909090909091,1.5454545454545454,42.0,0.2727272727272727,9.636363636363637,8.818181818181818,0.0,0.0,7.490909090909091,9.0,4.4,9.855,20.0,4.2
buf,WR,0.9235294117647059,17,Deonte Harty,26.0,3.588235294117647,2.235294117647059,2.411764705882353,0.0,0.29411764705882354,34.294117647058826,0.17647058823529413,0.17647058823529413,5.4941176470588236,9.0,4.4,9.855,20.0,4.2
buf,RB,1.0,16,Nyheim Hines,27.0,2.3125,1.875,2.0625,0.0625,1.5,15.0625,0.0625,0.125,3.1500000000000004,9.0,4.4,9.855,20.0,4.2
buf,WR,0.8,8,KeeSean Johnson,27.0,2.875,1.875,0.0,0.0,0.0,21.625,0.0,0.0,3.1,9.0,4.4,9.855,20.0,4.2
buf,TE,1.0,15,Dawson Knox,27.0,4.333333333333333,3.2,0.0,0.0,0.0,34.46666666666667,0.4,0.0,7.446666666666667,9.0,4.4,9.855,20.0,4.2
buf,TE,1.0,14,Quintin Morris,24.0,0.7857142857142857,0.5714285714285714,0.0,0.0,0.0,6.0,0.07142857142857142,0.07142857142857142,1.1714285714285717,9.0,4.4,9.855,20.0,4.2
buf,WR,0.911111111111111,9,Dezmon Patmon,25.0,1.1111111111111112,0.4444444444444444,0.0,0.0,0.0,5.0,0.1111111111111111,0.0,1.3888888888888888,9.0,4.4,9.855,20.0,4.2
buf,WR,1.0,14,Khalil Shakir,23.0,1.4285714285714286,0.7142857142857143,0.0,0.0,0.0,11.5,0.07142857142857142,0.0,1.935714285714286,9.0,4.4,9.855,20.0,4.2
buf,WR,1.0,17,Trent Sherfield,27.0,3.0,1.7647058823529411,0.0,0.0,0.0,24.529411764705884,0.11764705882352941,0.0,4.041176470588235,9.0,4.4,9.855,20.0,4.2
car,RB,1.0,13,Raheem Blackshear,24.0,0.9230769230769231,0.7692307692307693,5.923076923076923,0.23076923076923078,1.7692307692307692,7.153846153846154,0.0,0.07692307692307693,2.9230769230769234,6.199999999999999,8.2,5.095,8.0,3.6
car,WR,1.0,14,Damiere Byrd,30.0,1.6428571428571428,0.9285714285714286,0.0,0.0,0.0,19.142857142857142,0.14285714285714285,0.0,3.2357142857142858,6.199999999999999,8.2,5.095,8.0,3.6
car,WR,1.0,11,DJ Chark,27.0,4.7272727272727275,2.727272727272727,0.0,0.0,0.0,45.63636363636363,0.2727272727272727,0.0,7.563636363636363,6.199999999999999,8.2,5.095,8.0,3.6
car,RB,1.0,15,Chuba Hubbard,24.0,1.1333333333333333,0.9333333333333333,31.066666666666666,0.13333333333333333,6.333333333333333,11.4,0.0,0.13333333333333333,5.246666666666667,6.199999999999999,8.2,5.095,8.0,3.6
car,TE,1.0,13,Hayden Hurst,30.0,5.230769230769231,4.0,0.0,0.0,0.0,31.846153846153847,0.15384615384615385,0.0,6.107692307692308,6.199999999999999,8.2,5.095,8.0,3.6
car,WR,1.0,14,Terrace Marshall Jr.,23.0,3.357142857142857,2.0,0.0,0.0,0.0,35.0,0.07142857142857142,0.14285714285714285,4.642857142857142,6.199999999999999,8.2,5.095,8.0,3.6
car,TE,1.0,15,Giovanni Ricci,27.0,0.6,0.5333333333333333,0.0,0.0,0.0,6.666666666666667,0.0,0.0,0.9333333333333333,6.199999999999999,8.2,5.095,8.0,3.6
car,RB,1.0,17,Miles Sanders,26.0,1.5294117647058822,1.1764705882352942,74.6470588235294,0.6470588235294118,15.235294117647058,4.588235294117647,0.0,0.11764705882352941,12.158823529411766,6.199999999999999,8.2,5.095,8.0,3.6
car,WR,1.0,13,Laviska Shenault Jr.,25.0,2.4615384615384617,2.076923076923077,5.0,0.07692307692307693,0.6923076923076923,20.923076923076923,0.07692307692307693,0.0,4.5538461538461545,6.199999999999999,8.2,5.095,8.0,3.6
car,WR,1.0,17,Shi Smith,25.0,2.411764705882353,1.2941176470588236,0.0,0.0,0.0,17.41176470588235,0.11764705882352941,0.23529411764705882,2.623529411764706,6.199999999999999,8.2,5.095,8.0,3.6
car,TE,1.0,14,Stephen Sullivan,27.0,0.42857142857142855,0.14285714285714285,0.0,0.0,0.0,3.2857142857142856,0.0,0.0,0.4,6.199999999999999,8.2,5.095,8.0,3.6
car,WR,1.0,17,Adam Thielen,33.0,6.294117647058823,4.117647058823529,0.23529411764705882,0.0,0.058823529411764705,42.11764705882353,0.35294117647058826,0.0,8.411764705882353,6.199999999999999,8.2,5.095,8.0,3.6
car,TE,1.0,17,Ian Thomas,27.0,1.7647058823529411,1.2352941176470589,0.0,0.0,0.0,11.588235294117647,0.0,0.0,1.7764705882352942,6.199999999999999,8.2,5.095,8.0,3.6
car,TE,1.0,17,Tommy Tremble,23.0,1.8823529411764706,1.1176470588235294,0.0,0.0,0.0,10.235294117647058,0.17647058823529413,0.058823529411764705,2.523529411764706,6.199999999999999,8.2,5.095,8.0,3.6
car,WR,0.9,8,Preston Williams,26.0,2.0,0.75,0.875,0.0,0.125,8.875,0.0,0.0,1.35,6.199999999999999,8.2,5.095,8.0,3.6
chi,RB,1.0,16,Khari Blasingame,27.0,0.0625,0.0,0.0,0.0,0.0,0.0,0.0,0.0,0.0,5.6,5.699999999999999,6.19,16.0,6.6000000000000005
chi,WR,1.0,15,Chase Claypool,25.0,5.266666666666667,3.066666666666667,3.933333333333333,0.0,0.6,30.066666666666666,0.06666666666666667,0.06666666666666667,5.2,5.6,5.699999999999999,6.19,16.0,6.6000000000000005
chi,RB,1.0,17,Trestan Ebner,24.0,0.47058823529411764,0.11764705882352941,3.176470588235294,0.0,1.411764705882353,0.47058823529411764,0.0,0.11764705882352941,0.18823529411764706,5.6,5.699999999999999,6.19,16.0,6.6000000000000005
chi,RB,1.0,17,D\'Onta Foreman,27.0,0.5294117647058824,0.29411764705882354,53.76470588235294,0.29411764705882354,11.941176470588236,1.5294117647058822,0.0,0.058823529411764705,7.323529411764707,5.6,5.699999999999999,6.19,16.0,6.6000000000000005
chi,RB,1.0,13,Khalil Herbert,25.0,0.9230769230769231,0.6923076923076923,56.23076923076923,0.3076923076923077,9.923076923076923,4.384615384615385,0.07692307692307693,0.0,8.715384615384616,5.6,5.699999999999999,6.19,16.0,6.6000000000000005
chi,RB,1.0,10,Travis Homer,25.0,1.8,1.6,7.4,0.0,1.9,15.7,0.1,0.1,3.51,5.6,5.699999999999999,6.19,16.0,6.6000000000000005
chi,WR,1.0,12,Velus Jones Jr.,26.0,1.1666666666666667,0.5833333333333334,8.583333333333334,0.08333333333333333,0.75,8.916666666666666,0.08333333333333333,0.25,2.5416666666666665,5.6,5.699999999999999,6.19,16.0,6.6000000000000005
chi,TE,1.0,17,Cole Kmet,24.0,4.0588235294117645,2.9411764705882355,0.5294117647058824,0.0,0.11764705882352941,32.0,0.4117647058823529,0.058823529411764705,7.076470588235295,5.6,5.699999999999999,6.19,16.0,6.6000000000000005
chi,WR,1.0,12,Darnell Mooney,26.0,5.083333333333333,3.3333333333333335,0.16666666666666666,0.0,0.08333333333333333,41.083333333333336,0.16666666666666666,0.0,6.791666666666667,5.6,5.699999999999999,6.19,16.0,6.6000000000000005
chi,WR,1.0,17,D.J. Moore,26.0,6.9411764705882355,3.7058823529411766,3.1176470588235294,0.0,0.5882352941176471,52.23529411764706,0.4117647058823529,0.0,9.858823529411765,5.6,5.699999999999999,6.19,16.0,6.6000000000000005
chi,WR,1.0,17,Dante Pettis,28.0,2.411764705882353,1.1176470588235294,2.176470588235294,0.0,0.11764705882352941,14.411764705882353,0.17647058823529413,0.058823529411764705,3.158823529411765,5.6,5.699999999999999,6.19,16.0,6.6000000000000005
chi,WR,0.8,11,Joe Reed,25.0,0.09090909090909091,0.0,2.6363636363636362,0.09090909090909091,0.45454545454545453,0.0,0.0,0.0,0.8090909090909091,5.6,5.699999999999999,6.19,16.0,6.6000000000000005
chi,WR,1.0,16,Equanimeous St. Brown,27.0,2.375,1.3125,3.375,0.0,0.375,20.1875,0.0625,0.0625,3.2625,5.6,5.699999999999999,6.19,16.0,6.6000000000000005
chi,TE,1.0,17,Robert Tonyan,29.0,3.9411764705882355,3.1176470588235294,0.0,0.0,0.0,27.647058823529413,0.11764705882352941,0.0,5.029411764705882,5.6,5.699999999999999,6.19,16.0,6.6000000000000005
cin,TE,1.0,12,Devin Asiasi,26.0,0.3333333333333333,0.16666666666666666,0.0,0.0,0.0,0.4166666666666667,0.0,0.0,0.125,10.400000000000002,6.6,9.81,17.0,1.8
cin,WR,1.0,16,Tyler Boyd,29.0,5.125,3.625,0.0,0.0,0.0,47.625,0.3125,0.0,8.45,10.400000000000002,6.6,9.81,17.0,1.8
cin,WR,1.0,12,Ja\'Marr Chase,23.0,11.166666666666666,7.25,0.6666666666666666,0.0,0.4166666666666667,87.16666666666667,0.75,0.16666666666666666,16.575,10.400000000000002,6.6,9.81,17.0,1.8
cin,RB,1.0,12,Chris Evans,26.0,0.3333333333333333,0.25,0.0,0.0,0.0,3.1666666666666665,0.08333333333333333,0.0,0.9416666666666667,10.400000000000002,6.6,9.81,17.0,1.8
cin,WR,1.0,16,Tee Higgins,24.0,6.8125,4.625,0.0,0.0,0.0,64.3125,0.4375,0.0,11.36875,10.400000000000002,6.6,9.81,17.0,1.8
cin,TE,1.0,11,Tanner Hudson,29.0,1.3636363636363635,0.9090909090909091,0.0,0.0,0.0,12.0,0.0,0.0,1.6545454545454548,10.400000000000002,6.6,9.81,17.0,1.8
cin,WR,1.0,9,Trenton Irwin,28.0,2.5555555555555554,1.6666666666666667,1.2222222222222223,0.0,0.1111111111111111,25.666666666666668,0.4444444444444444,0.0,6.188888888888889,10.400000000000002,6.6,9.81,17.0,1.8
cin,RB,1.0,14,Joe Mixon,27.0,5.357142857142857,4.285714285714286,58.142857142857146,0.5,15.0,31.5,0.14285714285714285,0.0,14.964285714285715,10.400000000000002,6.6,9.81,17.0,1.8
cin,WR,1.0,14,Stanley Morgan Jr.,27.0,0.07142857142857142,0.0,0.0,0.0,0.0,0.0,0.0,0.0,0.0,10.400000000000002,6.6,9.81,17.0,1.8
cin,TE,0.9105263157894737,19,Drew Sample,27.0,0.8947368421052632,0.6842105263157895,0.0,0.0,0.0,4.157894736842105,0.0,0.0,0.7578947368421053,10.400000000000002,6.6,9.81,17.0,1.8
cin,TE,1.0,8,Irv Smith Jr.,25.0,4.5,3.125,0.0,0.0,0.0,22.75,0.25,0.125,5.0875,10.400000000000002,6.6,9.81,17.0,1.8
cin,WR,1.0,16,Trent Taylor,29.0,0.625,0.375,0.9375,0.0,0.25,3.875,0.0,0.125,0.41875,10.400000000000002,6.6,9.81,17.0,1.8
cin,RB,1.0,8,Trayveon Williams,26.0,0.375,0.25,3.75,0.0,0.75,3.75,0.0,0.0,0.875,10.400000000000002,6.6,9.81,17.0,1.8
cle,TE,1.0,15,Jordan Akins,31.0,3.6,2.466666666666667,0.0,0.0,0.0,33.0,0.3333333333333333,0.06666666666666667,6.4,7.6,8.399999999999999,8.335,4.0,5.6000000000000005
cle,WR,1.0,16,David Bell,23.0,2.1875,1.5,0.0,0.0,0.0,13.375,0.0,0.0,2.0875000000000004,7.6,8.399999999999999,8.335,4.0,5.6000000000000005
cle,TE,1.0,17,Harrison Bryant,25.0,2.4705882352941178,1.8235294117647058,0.47058823529411764,0.0,0.058823529411764705,14.058823529411764,0.058823529411764705,0.0,2.7176470588235295,7.6,8.399999999999999,8.335,4.0,5.6000000000000005
cle,RB,1.0,17,Nick Chubb,28.0,2.176470588235294,1.588235294117647,89.70588235294117,0.7058823529411765,17.764705882352942,14.058823529411764,0.058823529411764705,0.058823529411764705,15.641176470588238,7.6,8.399999999999999,8.335,4.0,5.6000000000000005
cle,WR,1.0,17,Amari Cooper,29.0,7.764705882352941,4.588235294117647,0.0,0.0,0.0,68.23529411764706,0.5294117647058824,0.0,12.294117647058822,7.6,8.399999999999999,8.335,4.0,5.6000000000000005
cle,WR,1.0,12,Jaelon Darden,24.0,0.16666666666666666,0.16666666666666666,0.16666666666666666,0.0,0.08333333333333333,2.1666666666666665,0.0,0.0,0.31666666666666665,7.6,8.399999999999999,8.335,4.0,5.6000000000000005
cle,RB,1.0,8,Demetric Felton,25.0,0.5,0.25,-0.5,0.0,0.125,1.0,0.0,0.125,-0.07500000000000001,7.6,8.399999999999999,8.335,4.0,5.6000000000000005
cle,RB,1.0,13,Jerome Ford,24.0,0.0,0.0,0.9230769230769231,0.0,0.6153846153846154,0.0,0.0,0.0,0.09230769230769231,7.6,8.399999999999999,8.335,4.0,5.6000000000000005
cle,WR,1.0,13,Marquise Goodwin,33.0,3.230769230769231,2.076923076923077,0.38461538461538464,0.0,0.15384615384615385,29.76923076923077,0.3076923076923077,0.0,5.9,7.6,8.399999999999999,8.335,4.0,5.6000000000000005
cle,WR,0.9,15,Jakeem Grant,31.0,1.1333333333333333,0.7333333333333333,2.2,0.0,0.3333333333333333,8.8,0.13333333333333333,0.2,1.8666666666666667,7.6,8.399999999999999,8.335,4.0,5.6000000000000005
cle,RB,0.8,8,John Kelly,27.0,0.0,0.0,2.75,0.0,0.625,0.0,0.0,0.0,0.275,7.6,8.399999999999999,8.335,4.0,5.6000000000000005
cle,WR,1.0,16,Elijah Moore,23.0,4.0625,2.3125,0.3125,0.0,0.3125,27.875,0.0625,0.0625,4.225,7.6,8.399999999999999,8.335,4.0,5.6000000000000005
cle,TE,1.0,14,David Njoku,27.0,5.714285714285714,4.142857142857143,-0.5714285714285714,0.0,0.14285714285714285,44.857142857142854,0.2857142857142857,0.07142857142857142,8.071428571428571,7.6,8.399999999999999,8.335,4.0,5.6000000000000005
cle,WR,1.0,17,Donovan Peoples-Jones,24.0,5.647058823529412,3.588235294117647,0.11764705882352941,0.0,0.058823529411764705,49.35294117647059,0.17647058823529413,0.058823529411764705,7.682352941176471,7.6,8.399999999999999,8.335,4.0,5.6000000000000005
cle,WR,1.0,11,Anthony Schwartz,23.0,0.9090909090909091,0.36363636363636365,5.181818181818182,0.09090909090909091,0.36363636363636365,4.636363636363637,0.0,0.09090909090909091,1.5272727272727273,7.6,8.399999999999999,8.335,4.0,5.6000000000000005
cle,WR,1.0,10,Michael Woods II,23.0,1.0,0.5,-0.5,0.0,0.1,4.5,0.0,0.0,0.65,7.6,8.399999999999999,8.335,4.0,5.6000000000000005
dal,WR,0.7555555555555555,9,Antonio Callaway,26.0,2.111111111111111,1.1111111111111112,0.0,0.0,0.0,12.11111111111111,0.0,0.0,1.7666666666666668,8.0,8.299999999999999,8.135,11.0,1.8
dal,WR,1.0,13,Brandin Cooks,30.0,7.153846153846154,4.384615384615385,0.5384615384615384,0.0,0.15384615384615385,53.76923076923077,0.23076923076923078,0.0,9.00769230769231,8.0,8.299999999999999,8.135,11.0,1.8
dal,RB,1.0,12,Malik Davis,25.0,0.5833333333333334,0.5,13.416666666666666,0.08333333333333333,3.1666666666666665,5.25,0.0,0.0,2.6166666666666667,8.0,8.299999999999999,8.135,11.0,1.8
dal,RB,0.8,15,Rico Dowdle,25.0,0.0,0.0,1.6,0.0,0.4666666666666667,0.0,0.0,0.0,0.16000000000000003,8.0,8.299999999999999,8.135,11.0,1.8
dal,TE,1.0,16,Jake Ferguson,24.0,1.375,1.1875,0.0,0.0,0.0,10.875,0.125,0.0,2.4312500000000004,8.0,8.299999999999999,8.135,11.0,1.8
dal,WR,1.0,14,Michael Gallup,27.0,5.285714285714286,2.7857142857142856,0.0,0.0,0.0,30.285714285714285,0.2857142857142857,0.0,6.135714285714286,8.0,8.299999999999999,8.135,11.0,1.8
dal,TE,1.0,17,Peyton Hendershot,24.0,0.9411764705882353,0.6470588235294118,0.11764705882352941,0.058823529411764705,0.058823529411764705,6.0588235294117645,0.11764705882352941,0.058823529411764705,1.8823529411764703,8.0,8.299999999999999,8.135,11.0,1.8
dal,RB,0.9272727272727272,22,Ronald Jones II,26.0,0.6363636363636364,0.5,22.636363636363637,0.22727272727272727,5.363636363636363,3.909090909090909,0.0,0.09090909090909091,4.086363636363637,8.0,8.299999999999999,8.135,11.0,1.8
dal,WR,1.0,17,CeeDee Lamb,24.0,9.176470588235293,6.294117647058823,2.764705882352941,0.0,0.5882352941176471,79.94117647058823,0.5294117647058824,0.0,14.594117647058825,8.0,8.299999999999999,8.135,11.0,1.8
dal,TE,1.0,13,Sean McKeon,26.0,0.23076923076923078,0.15384615384615385,0.0,0.0,0.0,0.8461538461538461,0.0,0.0,0.16153846153846155,8.0,8.299999999999999,8.135,11.0,1.8
dal,RB,1.0,16,Tony Pollard,26.0,3.4375,2.4375,62.9375,0.5625,12.0625,23.1875,0.1875,0.0,14.33125,8.0,8.299999999999999,8.135,11.0,1.8
dal,WR,1.0,8,Jalen Tolbert,24.0,0.375,0.25,0.0,0.0,0.0,1.5,0.0,0.0,0.275,8.0,8.299999999999999,8.135,11.0,1.8
dal,WR,1.0,17,KaVontae Turpin,27.0,0.11764705882352941,0.058823529411764705,1.0,0.0,0.17647058823529413,0.5294117647058824,0.0,0.17647058823529413,-0.17058823529411765,8.0,8.299999999999999,8.135,11.0,1.8
den,RB,1.0,17,Michael Burton,31.0,0.17647058823529413,0.11764705882352941,0.4117647058823529,0.0,0.29411764705882354,0.6470588235294118,0.0,0.0,0.1647058823529412,5.0,4.499999999999999,4.905,9.0,2.6000000000000005
den,WR,1.0,14,Marquez Callaway,25.0,2.2857142857142856,1.1428571428571428,0.0,0.0,0.0,11.285714285714286,0.07142857142857142,0.0,2.128571428571429,5.0,4.499999999999999,4.905,9.0,2.6000000000000005
den,RB,0.9,12,Damarea Crockett,26.0,0.0,0.0,0.5833333333333334,0.0,0.25,0.0,0.0,0.0,0.05833333333333334,5.0,4.499999999999999,4.905,9.0,2.6000000000000005
den,TE,1.0,10,Greg Dulcich,23.0,5.5,3.3,0.0,0.0,0.0,41.1,0.2,0.0,6.960000000000001,5.0,4.499999999999999,4.905,9.0,2.6000000000000005
den,WR,1.0,7,KJ Hamler,24.0,2.0,1.0,3.2857142857142856,0.0,0.2857142857142857,23.571428571428573,0.0,0.0,3.185714285714286,5.0,4.499999999999999,4.905,9.0,2.6000000000000005
den,WR,1.0,12,Kendall Hinton,26.0,2.75,2.0,1.0833333333333333,0.0,0.16666666666666666,25.916666666666668,0.0,0.0,3.7,5.0,4.499999999999999,4.905,9.0,2.6000000000000005
den,WR,0.9375,16,Lil\'Jordan Humphrey,25.0,1.375,0.9375,0.0,0.0,0.0,16.8125,0.125,0.0,2.9000000000000004,5.0,4.499999999999999,4.905,9.0,2.6000000000000005
den,WR,1.0,15,Jerry Jeudy,24.0,6.666666666666667,4.466666666666667,2.6666666666666665,0.0,0.26666666666666666,64.8,0.4,0.0,11.380000000000003,5.0,4.499999999999999,4.905,9.0,2.6000000000000005
den,WR,1.0,7,Brandon Johnson,25.0,2.0,0.8571428571428571,0.0,0.0,0.0,6.0,0.14285714285714285,0.14285714285714285,1.6000000000000003,5.0,4.499999999999999,4.905,9.0,2.6000000000000005
den,RB,0.9352941176470588,17,Tony Jones,26.0,0.9411764705882353,0.5882352941176471,9.764705882352942,0.0,3.764705882352941,3.4705882352941178,0.0,0.0,1.6176470588235297,5.0,4.499999999999999,4.905,9.0,2.6000000000000005
den,TE,1.0,17,Chris Manhertz,31.0,0.47058823529411764,0.35294117647058826,0.0,0.0,0.0,2.4705882352941178,0.0,0.0,0.42352941176470593,5.0,4.499999999999999,4.905,9.0,2.6000000000000005
den,TE,1.0,8,Albert Okwuegbunam,25.0,2.25,1.25,0.0,0.0,0.0,11.875,0.125,0.0,2.5625,5.0,4.499999999999999,4.905,9.0,2.6000000000000005
den,WR,0.9,16,Tim Patrick,30.0,5.3125,3.3125,0.0,0.0,0.0,45.875,0.3125,0.0,8.11875,5.0,4.499999999999999,4.905,9.0,2.6000000000000005
den,RB,1.0,16,Samaje Perine,28.0,3.1875,2.375,24.625,0.125,5.9375,17.9375,0.25,0.0,7.6937500000000005,5.0,4.499999999999999,4.905,9.0,2.6000000000000005
den,WR,1.0,15,Courtland Sutton,28.0,7.266666666666667,4.266666666666667,0.3333333333333333,0.0,0.06666666666666667,55.266666666666666,0.13333333333333333,0.0,8.493333333333334,5.0,4.499999999999999,4.905,9.0,2.6000000000000005
den,WR,1.0,9,Jalen Virgil,25.0,0.5555555555555556,0.2222222222222222,0.0,0.0,0.0,8.333333333333334,0.1111111111111111,0.1111111111111111,1.3888888888888888,5.0,4.499999999999999,4.905,9.0,2.6000000000000005
den,WR,1.0,15,Montrell Washington,24.0,0.6,0.26666666666666666,2.0,0.0,0.3333333333333333,0.13333333333333333,0.0,0.3333333333333333,-0.31999999999999995,5.0,4.499999999999999,4.905,9.0,2.6000000000000005
den,RB,0.9190476190476191,21,Javonte Williams,23.0,3.5714285714285716,2.8095238095238093,52.714285714285715,0.19047619047619047,11.904761904761905,18.666666666666668,0.14285714285714285,0.14285714285714285,10.257142857142858,5.0,4.499999999999999,4.905,9.0,2.6000000000000005
det,WR,0.9,8,Trinity Benson,26.0,2.75,1.25,0.0,0.0,0.0,12.875,0.0,0.0,1.9125,8.8,8.0,9.045000000000002,16.0,1.8
det,RB,1.0,8,Jason Cabinda,27.0,0.5,0.125,0.5,0.0,0.125,0.625,0.0,0.0,0.175,8.8,8.0,9.045000000000002,16.0,1.8
det,WR,0.9444444444444444,9,Quintez Cephus,25.0,2.7777777777777777,1.8888888888888888,0.0,0.0,0.0,24.333333333333332,0.2222222222222222,0.0,4.711111111111111,8.8,8.0,9.045000000000002,16.0,1.8
det,RB,0.9,7,Jermar Jefferson,23.0,0.7142857142857143,0.5714285714285714,10.571428571428571,0.2857142857142857,2.142857142857143,3.2857142857142856,0.0,0.0,3.3857142857142852,8.8,8.0,9.045000000000002,16.0,1.8
det,WR,1.0,16,Marvin Jones,33.0,5.0625,2.875,0.0,0.0,0.0,33.0625,0.1875,0.0,5.86875,8.8,8.0,9.045000000000002,16.0,1.8
det,WR,1.0,7,Tom Kennedy,27.0,2.142857142857143,1.1428571428571428,0.0,0.0,0.0,20.142857142857142,0.0,0.0,2.5857142857142854,8.8,8.0,9.045000000000002,16.0,1.8
det,TE,1.0,14,James Mitchell,24.0,0.7857142857142857,0.7857142857142857,0.0,0.0,0.0,8.071428571428571,0.07142857142857142,0.0,1.6285714285714286,8.8,8.0,9.045000000000002,16.0,1.8
det,RB,1.0,16,David Montgomery,26.0,2.5,2.125,50.0625,0.3125,12.5625,19.75,0.0625,0.125,10.043750000000001,8.8,8.0,9.045000000000002,16.0,1.8
det,WR,1.0,17,Kalif Raymond,29.0,3.764705882352941,2.764705882352941,2.1176470588235294,0.0,0.4117647058823529,36.23529411764706,0.0,0.17647058823529413,4.864705882352942,8.8,8.0,9.045000000000002,16.0,1.8
det,RB,1.0,9,Craig Reynolds,27.0,1.1111111111111112,1.0,11.333333333333334,0.0,2.5555555555555554,12.88888888888889,0.0,0.0,2.9222222222222225,8.8,8.0,9.045000000000002,16.0,1.8
det,WR,1.0,14,Josh Reynolds,28.0,4.214285714285714,2.7142857142857144,0.0,0.0,0.0,34.214285714285715,0.21428571428571427,0.0,6.064285714285715,8.8,8.0,9.045000000000002,16.0,1.8
det,WR,1.0,16,Amon-Ra St. Brown,24.0,9.125,6.625,5.9375,0.0,0.5625,72.5625,0.375,0.0,13.412500000000001,8.8,8.0,9.045000000000002,16.0,1.8
det,RB,1.0,14,D\'Andre Swift,24.0,5.0,3.4285714285714284,38.714285714285715,0.35714285714285715,7.071428571428571,27.785714285714285,0.21428571428571427,0.07142857142857142,11.65,8.8,8.0,9.045000000000002,16.0,1.8
det,TE,1.0,17,Brock Wright,25.0,1.411764705882353,1.0588235294117647,0.0,0.0,0.0,12.705882352941176,0.23529411764705882,0.0,3.2117647058823526,8.8,8.0,9.045000000000002,16.0,1.8
det,TE,1.0,13,Shane Zylstra,27.0,1.1538461538461537,0.8461538461538461,0.0,0.0,0.0,4.615384615384615,0.3076923076923077,0.0,2.730769230769231,8.8,8.0,9.045000000000002,16.0,1.8
gnb,TE,1.0,17,Tyler Davis,26.0,0.4117647058823529,0.23529411764705882,0.0,0.0,0.0,1.5294117647058822,0.0,0.0,0.2705882352941177,8.6,10.499999999999998,4.285,1.0,0.8
gnb,TE,1.0,17,Josiah Deguara,26.0,0.8823529411764706,0.7647058823529411,0.0,0.0,0.0,6.705882352941177,0.0,0.0,1.0529411764705883,8.6,10.499999999999998,4.285,1.0,0.8
gnb,RB,1.0,17,AJ Dillon,25.0,2.5294117647058822,1.6470588235294117,45.294117647058826,0.4117647058823529,10.941176470588236,12.117647058823529,0.0,0.058823529411764705,8.917647058823531,8.6,10.499999999999998,4.285,1.0,0.8
gnb,WR,1.0,13,Romeo Doubs,23.0,5.153846153846154,3.230769230769231,0.8461538461538461,0.0,0.07692307692307693,32.69230769230769,0.23076923076923078,0.15384615384615385,6.046153846153848,8.6,10.499999999999998,4.285,1.0,0.8
gnb,RB,1.0,17,Aaron Jones,29.0,4.235294117647059,3.4705882352941178,65.94117647058823,0.11764705882352941,12.529411764705882,23.235294117647058,0.29411764705882354,0.29411764705882354,12.535294117647059,8.6,10.499999999999998,4.285,1.0,0.8
gnb,RB,1.0,14,Patrick Taylor,25.0,0.07142857142857142,0.07142857142857142,2.2142857142857144,0.0,0.7142857142857143,1.2142857142857142,0.0,0.0,0.37857142857142856,8.6,10.499999999999998,4.285,1.0,0.8
gnb,WR,1.0,11,Samori Toure,25.0,0.9090909090909091,0.45454545454545453,0.0,0.0,0.0,7.454545454545454,0.09090909090909091,0.09090909090909091,1.3363636363636364,8.6,10.499999999999998,4.285,1.0,0.8
gnb,WR,1.0,14,Christian Watson,24.0,4.714285714285714,2.9285714285714284,5.714285714285714,0.14285714285714285,0.5,43.642857142857146,0.5,0.0,10.257142857142856,8.6,10.499999999999998,4.285,1.0,0.8
htx,RB,1.0,13,Andrew Beck,27.0,0.8461538461538461,0.38461538461538464,0.0,0.0,0.15384615384615385,5.3076923076923075,0.0,0.0,0.7230769230769231,6.0,8.1,4.76,7.0,5.000000000000001
htx,RB,1.0,9,Mike Boone,28.0,1.6666666666666667,1.0,11.333333333333334,0.0,2.6666666666666665,10.666666666666666,0.0,0.0,2.7,6.0,8.1,4.76,7.0,5.000000000000001
htx,WR,1.0,16,Noah Brown,27.0,4.625,2.6875,0.0,0.0,0.0,34.6875,0.1875,0.0625,5.8125,6.0,8.1,4.76,7.0,5.000000000000001
htx,WR,1.0,10,Nico Collins,24.0,6.6,3.7,0.0,0.0,0.0,48.1,0.2,0.0,7.860000000000001,6.0,8.1,4.76,7.0,5.000000000000001
htx,RB,1.0,16,Troy Hairston,25.0,0.5,0.3125,0.0,0.0,0.0,1.1875,0.0,0.0,0.275,6.0,8.1,4.76,7.0,5.000000000000001
htx,TE,1.0,11,Brevin Jordan,23.0,2.5454545454545454,1.2727272727272727,0.0,0.0,0.0,11.636363636363637,0.0,0.0,1.8000000000000003,6.0,8.1,4.76,7.0,5.000000000000001
htx,RB,1.0,17,Dare Ogunbowale,29.0,1.5294117647058822,1.1764705882352942,7.235294117647059,0.058823529411764705,2.4705882352941178,6.117647058823529,0.0,0.0,2.2764705882352945,6.0,8.1,4.76,7.0,5.000000000000001
htx,RB,1.0,13,Dameon Pierce,23.0,3.0,2.3076923076923075,72.23076923076923,0.3076923076923077,16.923076923076923,12.692307692307692,0.07692307692307693,0.3076923076923077,11.338461538461539,6.0,8.1,4.76,7.0,5.000000000000001
htx,TE,1.0,9,Teagan Quitoriano,23.0,1.5555555555555556,0.7777777777777778,0.0,0.0,0.0,12.555555555555555,0.2222222222222222,0.0,2.9777777777777774,6.0,8.1,4.76,7.0,5.000000000000001
htx,WR,1.0,16,Amari Rodgers,24.0,1.5625,1.0,0.4375,0.0,0.125,12.75,0.0625,0.375,1.44375,6.0,8.1,4.76,7.0,5.000000000000001
htx,TE,0.8352941176470589,17,Mason Schreck,30.0,0.17647058823529413,0.11764705882352941,0.0,0.0,0.0,0.35294117647058826,0.0,0.0,0.09411764705882353,6.0,8.1,4.76,7.0,5.000000000000001
htx,TE,1.0,15,Dalton Schultz,27.0,5.933333333333334,3.8,0.0,0.0,0.0,38.46666666666667,0.3333333333333333,0.06666666666666667,7.613333333333333,6.0,8.1,4.76,7.0,5.000000000000001
htx,WR,1.0,12,Steven Sims,26.0,1.9166666666666667,1.1666666666666667,5.833333333333333,0.0,1.0833333333333333,8.666666666666666,0.0,0.25,1.5333333333333337,6.0,8.1,4.76,7.0,5.000000000000001
htx,RB,1.0,16,Devin Singletary,26.0,3.25,2.375,51.1875,0.3125,11.0625,17.5,0.0625,0.1875,9.93125,6.0,8.1,4.76,7.0,5.000000000000001
htx,WR,1.0,17,Robert Woods,31.0,5.352941176470588,3.1176470588235294,0.0,0.0,0.0,31.0,0.11764705882352941,0.058823529411764705,5.247058823529412,6.0,8.1,4.76,7.0,5.000000000000001
clt,TE,1.0,17,Mo Alie-Cox,30.0,1.6470588235294117,1.1176470588235294,0.0,0.0,0.0,11.117647058823529,0.17647058823529413,0.058823529411764705,2.6117647058823534,5.199999999999999,4.4,5.475,2.0,2.0
clt,TE,1.0,16,Pharaoh Brown,29.0,1.25,0.75,0.0,0.0,0.0,7.3125,0.0,0.0,1.1062500000000002,5.199999999999999,4.4,5.475,2.0,2.0
clt,WR,1.0,12,Ashton Dulin,26.0,1.8333333333333333,1.25,0.6666666666666666,0.0,0.16666666666666666,17.25,0.08333333333333333,0.0,2.916666666666667,5.199999999999999,4.4,5.475,2.0,2.0
clt,RB,0.9857142857142858,7,Darrynton Evans,25.0,0.42857142857142855,0.42857142857142855,10.142857142857142,0.0,2.2857142857142856,6.285714285714286,0.0,0.0,1.857142857142857,5.199999999999999,4.4,5.475,2.0,2.0
clt,RB,0.9,10,Jake Funk,25.0,0.0,0.0,0.5,0.0,0.2,0.0,0.0,0.0,0.05,5.199999999999999,4.4,5.475,2.0,2.0
clt,TE,1.0,13,Kylen Granson,25.0,3.076923076923077,2.3846153846153846,0.0,0.0,0.07692307692307693,23.23076923076923,0.0,0.07692307692307693,3.361538461538462,5.199999999999999,4.4,5.475,2.0,2.0
clt,RB,1.0,16,Deon Jackson,24.0,2.125,1.875,14.75,0.0625,4.25,13.0625,0.0625,0.0625,4.34375,5.199999999999999,4.4,5.475,2.0,2.0
clt,WR,1.0,15,Isaiah McKenzie,28.0,4.333333333333333,2.8,3.6666666666666665,0.06666666666666667,0.6,28.2,0.26666666666666666,0.0,6.586666666666668,5.199999999999999,4.4,5.475,2.0,2.0
clt,RB,1.0,13,Zack Moss,26.0,1.0,0.8461538461538461,35.07692307692308,0.07692307692307693,7.153846153846154,3.0,0.0,0.07692307692307693,4.538461538461539,5.199999999999999,4.4,5.475,2.0,2.0
clt,WR,1.0,16,Alec Pierce,23.0,4.875,2.5625,0.0,0.0,0.0,37.0625,0.125,0.0625,5.612500000000001,5.199999999999999,4.4,5.475,2.0,2.0
clt,WR,1.0,16,Michael Pittman Jr.,26.0,8.8125,6.1875,1.875,0.0,0.1875,57.8125,0.25,0.125,10.3125,5.199999999999999,4.4,5.475,2.0,2.0
clt,WR,0.8222222222222223,9,Vyncint Smith,27.0,0.4444444444444444,0.1111111111111111,0.0,0.0,0.0,1.4444444444444444,0.0,0.0,0.2,5.199999999999999,4.4,5.475,2.0,2.0
clt,WR,1.0,13,Mike Strachan,26.0,0.6923076923076923,0.23076923076923078,0.0,0.0,0.0,4.538461538461538,0.0,0.0,0.5692307692307692,5.199999999999999,4.4,5.475,2.0,2.0
clt,RB,1.0,11,Jonathan Taylor,24.0,3.6363636363636362,2.5454545454545454,78.27272727272727,0.36363636363636365,17.454545454545453,13.0,0.0,0.2727272727272727,12.036363636363637,5.199999999999999,4.4,5.475,2.0,2.0
clt,WR,0.9,14,Malik Turner,27.0,1.1428571428571428,0.8571428571428571,0.0,0.0,0.0,10.642857142857142,0.21428571428571427,0.0,2.778571428571428,5.199999999999999,4.4,5.475,2.0,2.0
clt,TE,1.0,15,Jelani Woods,25.0,2.6666666666666665,1.6666666666666667,0.0,0.0,0.0,20.8,0.2,0.06666666666666667,3.9800000000000004,5.199999999999999,4.4,5.475,2.0,2.0
jax,WR,1.0,15,Jamal Agnew,28.0,2.0,1.5333333333333334,5.733333333333333,0.0,0.8,12.466666666666667,0.2,0.0,3.786666666666667,6.4,8.299999999999999,7.050000000000001,14.0,5.6000000000000005
jax,RB,1.0,8,Snoop Conner,23.0,0.0,0.0,5.25,0.125,1.5,0.0,0.0,0.0,1.275,6.4,8.299999999999999,7.050000000000001,14.0,5.6000000000000005
jax,TE,1.0,17,Evan Engram,29.0,5.764705882352941,4.294117647058823,0.7647058823529411,0.0,0.11764705882352941,45.05882352941177,0.23529411764705882,0.0,8.141176470588235,6.4,8.299999999999999,7.050000000000001,14.0,5.6000000000000005
jax,RB,1.0,17,Travis Etienne,24.0,2.6470588235294117,2.0588235294117645,66.17647058823529,0.29411764705882354,12.941176470588236,18.58823529411765,0.0,0.29411764705882354,10.682352941176472,6.4,8.299999999999999,7.050000000000001,14.0,5.6000000000000005
jax,TE,1.0,17,Luke Farrell,26.0,0.23529411764705882,0.23529411764705882,0.0,0.0,0.0,2.3529411764705883,0.0,0.0,0.35294117647058826,6.4,8.299999999999999,7.050000000000001,14.0,5.6000000000000005
jax,RB,1.0,17,Jamycal Hasty,27.0,1.5294117647058822,1.1764705882352942,11.411764705882353,0.11764705882352941,2.7058823529411766,7.411764705882353,0.058823529411764705,0.0,3.5294117647058827,6.4,8.299999999999999,7.050000000000001,14.0,5.6000000000000005
jax,RB,1.0,15,D\'Ernest Johnson,27.0,0.2,0.2,1.1333333333333333,0.0,0.26666666666666666,0.4666666666666667,0.0,0.0,0.26,6.4,8.299999999999999,7.050000000000001,14.0,5.6000000000000005
jax,WR,1.0,17,Tim Jones,25.0,0.23529411764705882,0.17647058823529413,0.0,0.0,0.0,1.7647058823529411,0.0,0.0,0.2647058823529412,6.4,8.299999999999999,7.050000000000001,14.0,5.6000000000000005
jax,WR,1.0,16,Zay Jones,28.0,7.5625,5.125,1.125,0.0,0.25,51.4375,0.3125,0.0,9.693750000000001,6.4,8.299999999999999,7.050000000000001,14.0,5.6000000000000005
jax,WR,1.0,17,Christian Kirk,27.0,7.823529411764706,4.9411764705882355,0.6470588235294118,0.0,0.29411764705882354,65.17647058823529,0.47058823529411764,0.058823529411764705,11.758823529411766,6.4,8.299999999999999,7.050000000000001,14.0,5.6000000000000005
jax,RB,0.9,8,Qadree Ollison,27.0,0.75,0.5,13.125,0.125,2.625,1.5,0.0,0.125,2.2125,6.4,8.299999999999999,7.050000000000001,14.0,5.6000000000000005
jax,WR,0.825,20,Calvin Ridley,29.0,9.75,6.05,0.05,0.0,0.25,82.75,0.55,0.05,14.505000000000003,6.4,8.299999999999999,7.050000000000001,14.0,5.6000000000000005
kan,TE,0.9157894736842105,19,Blake Bell,32.0,0.7894736842105263,0.5789473684210527,0.5263157894736842,0.0,0.21052631578947367,5.631578947368421,0.05263157894736842,0.0,1.2210526315789476,8.6,5.799999999999999,5.145000000000001,19.0,10.2
kan,TE,0.9266666666666666,15,Kendall Blanton,28.0,0.6,0.4,0.0,0.0,0.0,4.8,0.0,0.06666666666666667,0.5466666666666666,8.6,5.799999999999999,5.145000000000001,19.0,10.2
kan,RB,1.0,10,Clyde Edwards-Helaire,24.0,2.3,1.7,30.2,0.3,7.1,15.1,0.3,0.0,8.979999999999999,8.6,5.799999999999999,5.145000000000001,19.0,10.2
kan,TE,1.0,13,Jody Fortson,28.0,1.0,0.6923076923076923,0.0,0.0,0.0,8.307692307692308,0.15384615384615385,0.07692307692307693,1.9461538461538463,8.6,5.799999999999999,5.145000000000001,19.0,10.2
kan,TE,1.0,17,Noah Gray,24.0,2.0,1.6470588235294117,0.058823529411764705,0.058823529411764705,0.058823529411764705,17.58823529411765,0.058823529411764705,0.0,3.2941176470588234,8.6,5.799999999999999,5.145000000000001,19.0,10.2
kan,WR,1.0,17,Richie James,28.0,4.117647058823529,3.3529411764705883,0.35294117647058826,0.0,0.11764705882352941,33.470588235294116,0.23529411764705882,0.17647058823529413,6.11764705882353,8.6,5.799999999999999,5.145000000000001,19.0,10.2
kan,TE,1.0,17,Travis Kelce,34.0,8.941176470588236,6.470588235294118,0.29411764705882354,0.0,0.11764705882352941,78.70588235294117,0.7058823529411765,0.058823529411764705,15.25294117647059,8.6,5.799999999999999,5.145000000000001,19.0,10.2
kan,WR,1.0,16,Skyy Moore,23.0,2.0625,1.375,1.5,0.0,0.1875,15.625,0.0,0.1875,2.025,8.6,5.799999999999999,5.145000000000001,19.0,10.2
kan,RB,1.0,17,Isiah Pacheco,24.0,0.8235294117647058,0.7647058823529411,48.8235294117647,0.29411764705882354,10.0,7.647058823529412,0.0,0.23529411764705882,7.3235294117647065,8.6,5.799999999999999,5.145000000000001,19.0,10.2
kan,RB,0.8285714285714285,14,La\'Mical Perine,25.0,1.0714285714285714,0.7857142857142857,18.785714285714285,0.14285714285714285,5.142857142857143,4.5,0.0,0.0,3.5785714285714287,8.6,5.799999999999999,5.145000000000001,19.0,10.2
kan,WR,0.9428571428571428,14,Ihmir Smith-Marsette,24.0,0.7142857142857143,0.42857142857142855,-0.07142857142857142,0.0,0.07142857142857142,9.357142857142858,0.14285714285714285,0.07142857142857142,1.8571428571428572,8.6,5.799999999999999,5.145000000000001,19.0,10.2
kan,WR,1.0,9,Kadarius Toney,24.0,2.2222222222222223,1.7777777777777777,9.11111111111111,0.1111111111111111,0.7777777777777778,19.0,0.2222222222222222,0.1111111111111111,5.477777777777778,8.6,5.799999999999999,5.145000000000001,19.0,10.2
kan,WR,1.0,17,Marquez Valdes-Scantling,29.0,4.764705882352941,2.4705882352941178,-0.17647058823529413,0.0,0.058823529411764705,40.411764705882355,0.11764705882352941,0.0,5.964705882352942,8.6,5.799999999999999,5.145000000000001,19.0,10.2
kan,WR,1.0,17,Justin Watson,27.0,2.0,0.8823529411764706,0.0,0.0,0.0,18.529411764705884,0.11764705882352941,0.0,3.0,8.6,5.799999999999999,5.145000000000001,19.0,10.2
rai,RB,1.0,17,Ameer Abdullah,30.0,1.8823529411764706,1.4705882352941178,1.1764705882352942,0.0,0.23529411764705882,12.411764705882353,0.058823529411764705,0.0,2.447058823529412,7.000000000000001,11.1,8.47,10.0,3.4000000000000004
rai,WR,1.0,17,Davante Adams,31.0,10.588235294117647,5.882352941176471,-0.058823529411764705,0.0,0.17647058823529413,89.17647058823529,0.8235294117647058,0.058823529411764705,16.676470588235297,7.000000000000001,11.1,8.47,10.0,3.4000000000000004
rai,RB,1.0,16,Brandon Bolden,33.0,0.5625,0.5625,4.125,0.0,1.0625,3.5625,0.0625,0.0,1.425,7.000000000000001,11.1,8.47,10.0,3.4000000000000004
rai,WR,1.0,17,DeAndre Carter,30.0,3.823529411764706,2.7058823529411766,-0.8823529411764706,0.0,0.11764705882352941,31.647058823529413,0.17647058823529413,0.17647058823529413,5.135294117647059,7.000000000000001,11.1,8.47,10.0,3.4000000000000004
rai,WR,1.0,15,Phillip Dorsett,30.0,2.6666666666666665,1.3333333333333333,0.0,0.0,0.0,17.133333333333333,0.06666666666666667,0.0,2.78,7.000000000000001,11.1,8.47,10.0,3.4000000000000004
rai,TE,1.0,17,Austin Hooper,29.0,3.5294117647058822,2.411764705882353,0.0,0.0,0.0,26.11764705882353,0.11764705882352941,0.0,4.523529411764706,7.000000000000001,11.1,8.47,10.0,3.4000000000000004
rai,TE,1.0,15,Jesper Horsted,26.0,0.26666666666666666,0.2,0.0,0.0,0.0,1.2666666666666666,0.0,0.0,0.22666666666666668,7.000000000000001,11.1,8.47,10.0,3.4000000000000004
rai,TE,1.0,13,O.J. Howard,29.0,1.7692307692307692,0.7692307692307693,0.0,0.0,0.0,11.153846153846153,0.15384615384615385,0.0,2.423076923076923,7.000000000000001,11.1,8.47,10.0,3.4000000000000004
rai,RB,1.0,17,Josh Jacobs,25.0,3.764705882352941,3.1176470588235294,97.23529411764706,0.7058823529411765,20.0,23.529411764705884,0.0,0.17647058823529413,17.51764705882353,7.000000000000001,11.1,8.47,10.0,3.4000000000000004
rai,RB,1.0,17,Jakob Johnson,29.0,0.35294117647058826,0.29411764705882354,0.0,0.0,0.0,0.5882352941176471,0.0,0.0,0.2058823529411765,7.000000000000001,11.1,8.47,10.0,3.4000000000000004
rai,WR,0.9,17,Tyler Johnson,25.0,3.235294117647059,2.1176470588235294,0.0,0.0,0.0,21.176470588235293,0.0,0.0,3.1764705882352944,7.000000000000001,11.1,8.47,10.0,3.4000000000000004
rai,WR,0.7,7,Chris Lacy,27.0,1.4285714285714286,0.42857142857142855,0.0,0.0,0.0,8.571428571428571,0.0,0.0,1.0714285714285714,7.000000000000001,11.1,8.47,10.0,3.4000000000000004
rai,WR,1.0,14,Jakobi Meyers,27.0,6.857142857142857,4.785714285714286,-0.7857142857142857,0.0,0.14285714285714285,57.42857142857143,0.42857142857142855,0.14285714285714285,10.342857142857145,7.000000000000001,11.1,8.47,10.0,3.4000000000000004
rai,WR,1.0,10,Hunter Renfrow,28.0,5.0,3.6,0.0,0.0,0.0,33.0,0.2,0.3,5.7,7.000000000000001,11.1,8.47,10.0,3.4000000000000004
rai,WR,1.0,17,Cam Sims,27.0,1.0588235294117647,0.47058823529411764,0.0,0.0,0.0,5.235294117647059,0.0,0.0,0.7588235294117647,7.000000000000001,11.1,8.47,10.0,3.4000000000000004
rai,WR,1.0,9,DJ Turner,26.0,0.1111111111111111,0.0,2.888888888888889,0.0,0.4444444444444444,0.0,0.0,0.1111111111111111,0.06666666666666671,7.000000000000001,11.1,8.47,10.0,3.4000000000000004
rai,RB,0.8500000000000001,8,Austin Walter,27.0,0.5,0.375,13.0,0.125,3.375,4.5,0.0,0.0,2.6875,7.000000000000001,11.1,8.47,10.0,3.4000000000000004
rai,RB,1.0,14,Zamir White,24.0,0.0,0.0,5.0,0.0,1.2142857142857142,0.0,0.0,0.0,0.5,7.000000000000001,11.1,8.47,10.0,3.4000000000000004
sdg,WR,1.0,10,Keenan Allen,31.0,8.9,6.6,0.8,0.0,0.1,75.2,0.4,0.1,13.100000000000001,6.6,8.6,6.38,14.0,4.2
sdg,WR,0.7,8,Keelan Doss,27.0,1.75,1.375,0.0,0.0,0.0,16.625,0.0,0.0,2.35,6.6,8.6,6.38,14.0,4.2
sdg,RB,1.0,17,Austin Ekeler,28.0,7.470588235294118,6.294117647058823,53.8235294117647,0.7647058823529411,12.0,42.470588235294116,0.29411764705882354,0.29411764705882354,18.541176470588233,6.6,8.6,6.38,14.0,4.2
sdg,TE,1.0,16,Gerald Everett,29.0,5.4375,3.625,0.0,0.0,0.0625,34.6875,0.25,0.0,6.78125,6.6,8.6,6.38,14.0,4.2
sdg,WR,0.9157894736842105,19,Jalen Guyton,26.0,2.736842105263158,1.736842105263158,1.7894736842105263,0.0,0.3684210526315789,26.94736842105263,0.15789473684210525,0.05263157894736842,4.58421052631579,6.6,8.6,6.38,14.0,4.2
sdg,WR,0.8,13,John Hightower,27.0,2.230769230769231,0.7692307692307693,0.07692307692307693,0.0,0.07692307692307693,12.846153846153847,0.0,0.0,1.676923076923077,6.6,8.6,6.38,14.0,4.2
sdg,RB,1.0,15,Zander Horvath,25.0,0.5333333333333333,0.3333333333333333,0.5333333333333333,0.0,0.26666666666666666,0.5333333333333333,0.13333333333333333,0.0,1.0733333333333335,6.6,8.6,6.38,14.0,4.2
sdg,RB,1.0,13,Joshua Kelley,26.0,1.9230769230769231,1.0769230769230769,22.076923076923077,0.15384615384615385,5.3076923076923075,7.769230769230769,0.0,0.0,4.446153846153846,6.6,8.6,6.38,14.0,4.2
sdg,TE,1.0,17,Tre\' McKitty,24.0,1.0588235294117647,0.5882352941176471,0.0,0.0,0.0,4.235294117647059,0.0,0.058823529411764705,0.6000000000000001,6.6,8.6,6.38,14.0,4.2
sdg,WR,1.0,16,Josh Palmer,25.0,6.6875,4.5,0.25,0.0,0.0625,48.0625,0.1875,0.0625,8.08125,6.6,8.6,6.38,14.0,4.2
sdg,RB,0.925,16,Larry Rountree,24.0,0.25,0.1875,6.625,0.0625,3.0625,0.8125,0.0,0.0,1.2125000000000001,6.6,8.6,6.38,14.0,4.2
sdg,TE,1.0,7,Stone Smartt,25.0,0.7142857142857143,0.5714285714285714,0.0,0.0,0.0,2.4285714285714284,0.0,0.0,0.5285714285714286,6.6,8.6,6.38,14.0,4.2
sdg,WR,1.0,13,Mike Williams,29.0,7.153846153846154,4.846153846153846,0.0,0.0,0.0,68.84615384615384,0.3076923076923077,0.0,11.153846153846153,6.6,8.6,6.38,14.0,4.2
ram,RB,1.0,15,Cam Akers,24.0,1.2,0.8666666666666667,52.4,0.4666666666666667,12.533333333333333,7.8,0.0,0.13333333333333333,8.986666666666666,4.0,4.799999999999999,5.234999999999999,7.0,5.000000000000001
ram,WR,1.0,13,Tutu Atwell,24.0,2.6923076923076925,1.3846153846153846,2.6153846153846154,0.07692307692307693,0.6923076923076923,22.923076923076923,0.07692307692307693,0.0,4.1692307692307695,4.0,4.799999999999999,5.234999999999999,7.0,5.000000000000001
ram,WR,1.0,7,Jacob Harris,26.0,0.14285714285714285,0.14285714285714285,0.0,0.0,0.0,0.8571428571428571,0.0,0.0,0.15714285714285714,4.0,4.799999999999999,5.234999999999999,7.0,5.000000000000001
ram,TE,1.0,17,Tyler Higbee,30.0,6.352941176470588,4.235294117647059,0.0,0.0,0.0,36.470588235294116,0.17647058823529413,0.0,6.8235294117647065,4.0,4.799999999999999,5.234999999999999,7.0,5.000000000000001
ram,TE,1.0,14,Brycen Hopkins,26.0,0.7857142857142857,0.5,0.0,0.0,0.0,7.785714285714286,0.0,0.0,1.0285714285714285,4.0,4.799999999999999,5.234999999999999,7.0,5.000000000000001
ram,WR,1.0,11,Van Jefferson,27.0,4.0,2.1818181818181817,0.0,0.0,0.0,33.54545454545455,0.2727272727272727,0.0,6.081818181818182,4.0,4.799999999999999,5.234999999999999,7.0,5.000000000000001
ram,WR,1.0,9,Cooper Kupp,30.0,10.88888888888889,8.333333333333334,5.777777777777778,0.1111111111111111,1.0,90.22222222222223,0.6666666666666666,0.2222222222222222,17.98888888888889,4.0,4.799999999999999,5.234999999999999,7.0,5.000000000000001
ram,TE,0.9,7,Hunter Long,25.0,0.42857142857142855,0.14285714285714285,0.0,0.0,0.0,1.1428571428571428,0.0,0.0,0.18571428571428572,4.0,4.799999999999999,5.234999999999999,7.0,5.000000000000001
ram,WR,1.0,10,Lance McCutcheon,24.0,0.5,0.0,0.0,0.0,0.0,0.0,0.0,0.0,0.0,4.0,4.799999999999999,5.234999999999999,7.0,5.000000000000001
ram,RB,1.0,8,Ronnie Rivers,24.0,0.625,0.625,2.625,0.0,1.125,3.625,0.0,0.0,0.9375,4.0,4.799999999999999,5.234999999999999,7.0,5.000000000000001
ram,WR,1.0,14,Ben Skowronek,26.0,4.357142857142857,2.7857142857142856,1.2142857142857142,0.07142857142857142,0.07142857142857142,26.857142857142858,0.0,0.0,4.628571428571428,4.0,4.799999999999999,5.234999999999999,7.0,5.000000000000001
ram,RB,1.0,10,Kyren Williams,23.0,1.2,0.9,13.9,0.0,3.5,7.6,0.0,0.0,2.6000000000000005,4.0,4.799999999999999,5.234999999999999,7.0,5.000000000000001
mia,RB,1.0,12,Salvon Ahmed,25.0,0.08333333333333333,0.08333333333333333,5.333333333333333,0.08333333333333333,1.0,0.6666666666666666,0.0,0.0,1.1416666666666668,6.8,6.1,10.29,12.0,1.0
mia,WR,1.0,16,Chosen Anderson,30.0,2.75,1.25,0.0,0.0,0.0,17.625,0.0625,0.0625,2.6375,6.8,6.1,10.29,12.0,1.0
mia,WR,1.0,17,Braxton Berrios,28.0,1.8823529411764706,1.0588235294117647,5.352941176470588,0.11764705882352941,0.5294117647058824,8.529411764705882,0.0,0.058823529411764705,2.505882352941176,6.8,6.1,10.29,12.0,1.0
mia,TE,1.0,13,Tanner Conner,25.0,0.23076923076923078,0.0,0.0,0.0,0.0,0.0,0.0,0.0,0.0,6.8,6.1,10.29,12.0,1.0
mia,WR,1.0,11,River Cracraft,29.0,1.2727272727272727,0.8181818181818182,0.0,0.0,0.0,9.272727272727273,0.18181818181818182,0.0,2.4272727272727272,6.8,6.1,10.29,12.0,1.0
mia,RB,0.9190476190476191,21,Myles Gaskin,26.0,3.2857142857142856,2.5238095238095237,30.38095238095238,0.14285714285714285,8.714285714285714,12.476190476190476,0.19047619047619047,0.09523809523809523,7.357142857142856,6.8,6.1,10.29,12.0,1.0
mia,WR,1.0,17,Tyreek Hill,29.0,10.0,7.0,1.8823529411764706,0.058823529411764705,0.4117647058823529,100.58823529411765,0.4117647058823529,0.058823529411764705,16.45294117647059,6.8,6.1,10.29,12.0,1.0
mia,RB,1.0,17,Alec Ingold,27.0,1.3529411764705883,0.8823529411764706,0.47058823529411764,0.058823529411764705,0.35294117647058826,6.176470588235294,0.058823529411764705,0.0,1.811764705882353,6.8,6.1,10.29,12.0,1.0
mia,RB,0.8,8,John Lovett,27.0,0.0,0.0,0.75,0.0,0.375,0.0,0.0,0.0,0.07500000000000001,6.8,6.1,10.29,12.0,1.0
mia,RB,1.0,16,Raheem Mostert,31.0,2.625,1.9375,55.6875,0.1875,11.3125,12.625,0.125,0.0625,9.55,6.8,6.1,10.29,12.0,1.0
mia,TE,1.0,17,Eric Saubert,29.0,1.411764705882353,0.8823529411764706,0.0,0.0,0.0,8.705882352941176,0.058823529411764705,0.0,1.6647058823529413,6.8,6.1,10.29,12.0,1.0
mia,TE,1.0,16,Durham Smythe,28.0,1.25,0.9375,0.0625,0.0625,0.125,8.0625,0.0625,0.0,2.03125,6.8,6.1,10.29,12.0,1.0
mia,WR,0.915,20,Freddie Swain,25.0,2.3,1.45,1.6,0.0,0.25,20.85,0.2,0.1,3.9700000000000006,6.8,6.1,10.29,12.0,1.0
mia,WR,1.0,17,Jaylen Waddle,25.0,6.882352941176471,4.411764705882353,1.5294117647058822,0.0,0.17647058823529413,79.76470588235294,0.47058823529411764,0.058823529411764705,13.041176470588237,6.8,6.1,10.29,12.0,1.0
mia,WR,1.0,15,Cedrick Wilson Jr.,28.0,1.2,0.8,0.5333333333333333,0.0,0.06666666666666667,9.066666666666666,0.0,0.0,1.36,6.8,6.1,10.29,12.0,1.0
mia,RB,1.0,16,Jeff Wilson,28.0,2.3125,1.375,53.75,0.3125,11.0,11.5625,0.0625,0.1875,9.09375,6.8,6.1,10.29,12.0,1.0
min,RB,1.0,17,Dalvin Cook,28.0,3.2941176470588234,2.2941176470588234,69.0,0.47058823529411764,15.529411764705882,17.352941176470587,0.11764705882352941,0.23529411764705882,12.841176470588236,6.800000000000001,7.6,7.945,13.0,3.4000000000000004
min,TE,0.9444444444444444,9,Ben Ellefson,27.0,0.4444444444444444,0.3333333333333333,0.0,0.0,0.0,2.888888888888889,0.0,0.0,0.4555555555555556,6.800000000000001,7.6,7.945,13.0,3.4000000000000004
min,RB,1.0,17,C.J. Ham,30.0,0.7058823529411765,0.5882352941176471,0.4117647058823529,0.11764705882352941,0.23529411764705882,5.0588235294117645,0.0,0.0,1.5470588235294118,6.800000000000001,7.6,7.945,13.0,3.4000000000000004
min,TE,1.0,17,T.J. Hockenson,26.0,7.588235294117647,5.0588235294117645,0.0,0.0,0.0,53.76470588235294,0.35294117647058826,0.058823529411764705,9.905882352941177,6.800000000000001,7.6,7.945,13.0,3.4000000000000004
min,WR,1.0,17,Justin Jefferson,24.0,10.823529411764707,7.529411764705882,1.411764705882353,0.058823529411764705,0.23529411764705882,106.41176470588235,0.47058823529411764,0.0,17.723529411764705,6.800000000000001,7.6,7.945,13.0,3.4000000000000004
min,RB,1.0,17,Alexander Mattison,25.0,1.0588235294117647,0.8823529411764706,16.647058823529413,0.29411764705882354,4.352941176470588,5.352941176470588,0.058823529411764705,0.0,4.758823529411765,6.800000000000001,7.6,7.945,13.0,3.4000000000000004
min,TE,1.0,17,Johnny Mundt,29.0,1.2352941176470589,1.1176470588235294,0.0,0.0,0.0,8.235294117647058,0.058823529411764705,0.0,1.7352941176470587,6.800000000000001,7.6,7.945,13.0,3.4000000000000004
min,WR,1.0,15,Jalen Nailor,24.0,0.8666666666666667,0.6,0.0,0.0,0.0,11.933333333333334,0.06666666666666667,0.0,1.8933333333333333,6.800000000000001,7.6,7.945,13.0,3.4000000000000004
min,RB,1.0,17,Kene Nwangwu,25.0,0.11764705882352941,0.11764705882352941,0.8235294117647058,0.0,0.5294117647058824,1.2352941176470589,0.0,0.0,0.2647058823529412,6.800000000000001,7.6,7.945,13.0,3.4000000000000004
min,TE,1.0,17,Josh Oliver,26.0,1.4705882352941178,0.8235294117647058,0.0,0.0,0.0,8.764705882352942,0.11764705882352941,0.0,1.9941176470588236,6.800000000000001,7.6,7.945,13.0,3.4000000000000004
min,WR,1.0,17,K.J. Osborn,26.0,5.294117647058823,3.5294117647058822,0.35294117647058826,0.0,0.17647058823529413,38.23529411764706,0.29411764705882354,0.058823529411764705,7.270588235294118,6.800000000000001,7.6,7.945,13.0,3.4000000000000004
min,WR,1.0,17,Brandon Powell,28.0,1.8823529411764706,1.411764705882353,4.705882352941177,0.0,1.0,9.176470588235293,0.0,0.058823529411764705,1.9764705882352942,6.800000000000001,7.6,7.945,13.0,3.4000000000000004
min,WR,1.0,17,Jalen Reagor,24.0,0.7647058823529411,0.47058823529411764,1.4705882352941178,0.0,0.23529411764705882,6.117647058823529,0.058823529411764705,0.23529411764705882,0.8764705882352941,6.800000000000001,7.6,7.945,13.0,3.4000000000000004
nwe,WR,1.0,16,Kendrick Bourne,28.0,3.0,2.1875,2.4375,0.0,0.375,27.125,0.0625,0.125,4.175000000000001,6.4,6.6,5.9,8.0,3.8
nwe,WR,0.8,10,Lynn Bowden Jr.,26.0,3.7,2.8,3.2,0.0,0.9,21.1,0.0,0.0,3.8300000000000005,6.4,6.6,5.9,8.0,3.8
nwe,TE,1.0,17,Mike Gesicki,28.0,3.0588235294117645,1.8823529411764706,0.0,0.0,0.0,21.294117647058822,0.29411764705882354,0.0,4.8352941176470585,6.4,6.6,5.9,8.0,3.8
nwe,TE,1.0,17,Hunter Henry,29.0,3.4705882352941178,2.411764705882353,0.0,0.0,0.0,29.941176470588236,0.11764705882352941,0.0,4.905882352941177,6.4,6.6,5.9,8.0,3.8
nwe,WR,0.9066666666666666,15,Ty Montgomery,30.0,2.0,1.2666666666666666,2.8,0.0,1.1333333333333333,7.333333333333333,0.06666666666666667,0.0,2.046666666666667,6.4,6.6,5.9,8.0,3.8
nwe,WR,1.0,13,DeVante Parker,30.0,3.6153846153846154,2.3846153846153846,0.0,0.0,0.0,41.46153846153846,0.23076923076923078,0.0,6.723076923076923,6.4,6.6,5.9,8.0,3.8
nwe,RB,1.0,11,James Robinson,25.0,1.2727272727272727,1.0,38.63636363636363,0.2727272727272727,10.0,4.636363636363637,0.18181818181818182,0.09090909090909091,7.372727272727272,6.4,6.6,5.9,8.0,3.8
nwe,WR,1.0,16,JuJu Smith-Schuster,27.0,6.3125,4.875,0.0,0.0,0.0,58.3125,0.1875,0.1875,9.01875,6.4,6.6,5.9,8.0,3.8
nwe,RB,1.0,17,Rhamondre Stevenson,25.0,5.176470588235294,4.0588235294117645,61.1764705882353,0.29411764705882354,12.352941176470589,24.764705882352942,0.058823529411764705,0.23529411764705882,12.270588235294118,6.4,6.6,5.9,8.0,3.8
nwe,RB,1.0,15,Pierre Strong,25.0,0.4666666666666667,0.4666666666666667,6.666666666666667,0.06666666666666667,0.6666666666666666,2.8,0.0,0.0,1.58,6.4,6.6,5.9,8.0,3.8
nwe,RB,0.8583333333333334,12,J.J. Taylor,25.0,0.5833333333333334,0.5,13.0,0.16666666666666666,4.333333333333333,1.6666666666666667,0.0,0.08333333333333333,2.5500000000000003,6.4,6.6,5.9,8.0,3.8
nwe,WR,1.0,13,Tyquan Thornton,23.0,3.4615384615384617,1.6923076923076923,1.2307692307692308,0.07692307692307693,0.23076923076923078,19.0,0.15384615384615385,0.0,4.253846153846154,6.4,6.6,5.9,8.0,3.8
nor,RB,1.0,15,Eno Benjamin,24.0,2.2666666666666666,1.6666666666666667,20.866666666666667,0.13333333333333333,5.133333333333334,12.866666666666667,0.0,0.0,5.006666666666667,5.8,8.0,4.95,12.0,4.0
nor,WR,1.0,7,Bryan Edwards,25.0,0.7142857142857143,0.42857142857142855,0.0,0.0,0.0,2.142857142857143,0.0,0.0,0.4285714285714286,5.8,8.0,4.95,12.0,4.0
nor,RB,0.9,11,Derrick Gore,29.0,0.8181818181818182,0.7272727272727273,23.272727272727273,0.18181818181818182,4.636363636363637,9.545454545454545,0.0,0.0,4.736363636363636,5.8,8.0,4.95,12.0,4.0
nor,TE,1.0,16,Taysom Hill,33.0,0.8125,0.5625,35.9375,0.4375,6.0,4.8125,0.125,0.125,7.48125,5.8,8.0,4.95,12.0,4.0
nor,TE,1.0,16,Juwan Johnson,27.0,4.0625,2.625,0.0,0.0,0.0,31.75,0.4375,0.0,7.112500000000001,5.8,8.0,4.95,12.0,4.0
nor,RB,1.0,15,Alvin Kamara,28.0,5.133333333333334,3.8,59.8,0.13333333333333333,14.866666666666667,32.666666666666664,0.13333333333333333,0.26666666666666666,12.213333333333335,5.8,8.0,4.95,12.0,4.0
nor,WR,0.9625,8,Keith Kirkwood,29.0,1.375,0.625,0.0,0.0,0.0,4.375,0.0,0.0,0.75,5.8,8.0,4.95,12.0,4.0
nor,WR,1.0,15,Chris Olave,23.0,7.933333333333334,4.8,0.0,0.0,0.0,69.46666666666667,0.26666666666666666,0.13333333333333333,10.68,5.8,8.0,4.95,12.0,4.0
nor,RB,1.0,11,Adam Prentice,26.0,0.2727272727272727,0.2727272727272727,0.8181818181818182,0.0,0.36363636363636365,0.8181818181818182,0.0,0.09090909090909091,0.1181818181818182,5.8,8.0,4.95,12.0,4.0
nor,WR,1.0,12,Rashid Shaheed,25.0,2.8333333333333335,2.3333333333333335,4.75,0.08333333333333333,0.3333333333333333,40.666666666666664,0.16666666666666666,0.08333333333333333,7.041666666666666,5.8,8.0,4.95,12.0,4.0
nor,WR,1.0,15,Tre\'Quan Smith,27.0,1.8,1.2666666666666666,0.0,0.0,0.0,18.533333333333335,0.06666666666666667,0.0,2.8866666666666667,5.8,8.0,4.95,12.0,4.0
nor,WR,0.8600000000000001,10,Michael Thomas,30.0,7.7,5.6,0.1,0.0,0.1,60.9,0.3,0.0,10.7,5.8,8.0,4.95,12.0,4.0
nor,TE,1.0,15,Adam Trautman,26.0,1.4666666666666666,1.2,0.0,0.0,0.0,13.8,0.06666666666666667,0.0,2.3800000000000003,5.8,8.0,4.95,12.0,4.0
nor,RB,1.0,12,Dwayne Washington,29.0,0.08333333333333333,0.08333333333333333,3.1666666666666665,0.0,0.9166666666666666,0.5833333333333334,0.0,0.0,0.4166666666666667,5.8,8.0,4.95,12.0,4.0
nor,RB,1.0,17,Jamaal Williams,28.0,0.9411764705882353,0.7058823529411765,62.705882352941174,1.0,15.411764705882353,4.294117647058823,0.0,0.17647058823529413,12.7,5.8,8.0,4.95,12.0,4.0
nyg,RB,1.0,16,Saquon Barkley,26.0,4.75,3.5625,82.0,0.625,18.4375,21.125,0.0,0.0625,15.718750000000002,4.999999999999999,8.6,5.19,15.0,3.8
nyg,TE,1.0,12,Daniel Bellinger,23.0,2.9166666666666665,2.5,0.16666666666666666,0.08333333333333333,0.08333333333333333,22.333333333333332,0.16666666666666666,0.08333333333333333,4.833333333333334,4.999999999999999,8.6,5.19,15.0,3.8
nyg,RB,1.0,17,Matt Breida,28.0,1.4705882352941178,1.1764705882352942,12.941176470588236,0.058823529411764705,3.176470588235294,6.9411764705882355,0.0,0.0,2.9294117647058826,4.999999999999999,8.6,5.19,15.0,3.8
nyg,RB,1.0,17,Gary Brightwell,24.0,0.47058823529411764,0.29411764705882354,8.294117647058824,0.058823529411764705,1.8235294117647058,2.2941176470588234,0.0,0.0,1.558823529411765,4.999999999999999,8.6,5.19,15.0,3.8
nyg,TE,1.0,7,Lawrence Cager,26.0,2.7142857142857144,1.8571428571428572,0.0,0.0,0.0,16.857142857142858,0.14285714285714285,0.0,3.4714285714285715,4.999999999999999,8.6,5.19,15.0,3.8
nyg,WR,1.0,17,Parris Campbell,26.0,5.352941176470588,3.7058823529411766,3.411764705882353,0.0,0.29411764705882354,36.64705882352941,0.17647058823529413,0.058823529411764705,6.800000000000001,4.999999999999999,8.6,5.19,15.0,3.8
nyg,WR,0.925,16,Jamison Crowder,30.0,5.25,3.5625,0.0,0.0,0.0,31.6875,0.125,0.125,5.45,4.999999999999999,8.6,5.19,15.0,3.8
nyg,WR,1.0,10,Isaiah Hodgins,25.0,4.8,3.7,0.0,0.0,0.0,39.2,0.4,0.1,7.970000000000001,4.999999999999999,8.6,5.19,15.0,3.8
nyg,WR,0.9,12,Collin Johnson,26.0,1.75,0.9166666666666666,0.0,0.0,0.0,8.75,0.0,0.0,1.3333333333333333,4.999999999999999,8.6,5.19,15.0,3.8
nyg,WR,0.8375,16,Jaydon Mickens,29.0,0.8125,0.5625,0.0,0.0,0.0,4.25,0.0,0.0625,0.58125,4.999999999999999,8.6,5.19,15.0,3.8
nyg,RB,1.0,16,Chris Myarick,28.0,0.5,0.4375,0.0,0.0,0.0,4.0625,0.0625,0.0,1.0,4.999999999999999,8.6,5.19,15.0,3.8
nyg,WR,0.93,10,Sterling Shepard,30.0,7.7,4.9,-0.9,0.0,0.1,52.0,0.2,0.0,8.760000000000002,4.999999999999999,8.6,5.19,15.0,3.8
nyg,WR,1.0,9,David Sills,27.0,1.8888888888888888,1.2222222222222223,0.0,0.0,0.0,11.777777777777779,0.0,0.0,1.788888888888889,4.999999999999999,8.6,5.19,15.0,3.8
nyg,WR,1.0,16,Darius Slayton,26.0,4.4375,2.875,0.0,0.0,0.0,45.25,0.125,0.125,6.4625,4.999999999999999,8.6,5.19,15.0,3.8
nyg,TE,0.9277777777777779,18,Tommy Sweeney,28.0,0.7222222222222222,0.5555555555555556,0.0,0.0,0.0,2.8333333333333335,0.05555555555555555,0.05555555555555555,0.7833333333333333,4.999999999999999,8.6,5.19,15.0,3.8
nyg,TE,1.0,9,Nick Vannett,30.0,1.0,0.6666666666666666,0.0,0.0,0.0,6.111111111111111,0.0,0.0,0.9444444444444444,4.999999999999999,8.6,5.19,15.0,3.8
nyg,TE,1.0,9,Darren Waller,31.0,4.777777777777778,3.111111111111111,0.0,0.0,0.0,43.111111111111114,0.3333333333333333,0.0,7.866666666666667,4.999999999999999,8.6,5.19,15.0,3.8
nyj,RB,0.8999999999999999,9,Nick Bawden,27.0,0.1111111111111111,0.1111111111111111,0.0,0.0,0.0,2.2222222222222223,0.0,0.0,0.2777777777777778,3.4,3.4,6.86,13.0,3.6
nyj,RB,1.0,16,Michael Carter,24.0,3.375,2.5625,25.125,0.1875,7.125,18.0,0.0,0.125,6.46875,3.4,3.4,6.86,13.0,3.6
nyj,TE,1.0,17,Tyler Conklin,28.0,5.117647058823529,3.411764705882353,0.17647058823529413,0.0,0.11764705882352941,32.470588235294116,0.17647058823529413,0.11764705882352941,5.794117647058823,3.4,3.4,6.86,13.0,3.6
nyj,WR,1.0,13,Corey Davis,28.0,4.923076923076923,2.4615384615384617,0.0,0.0,0.0,41.23076923076923,0.15384615384615385,0.0,6.276923076923078,3.4,3.4,6.86,13.0,3.6
nyj,RB,1.0,7,Breece Hall,22.0,4.428571428571429,2.7142857142857144,66.14285714285714,0.5714285714285714,11.428571428571429,31.142857142857142,0.14285714285714285,0.14285714285714285,15.085714285714285,3.4,3.4,6.86,13.0,3.6
nyj,WR,1.0,8,Mecole Hardman,25.0,4.25,3.125,3.875,0.25,0.5,37.125,0.5,0.125,9.912500000000001,3.4,3.4,6.86,13.0,3.6
nyj,RB,1.0,17,Ty Johnson,26.0,1.411764705882353,0.7058823529411765,9.411764705882353,0.058823529411764705,1.7647058823529411,5.176470588235294,0.0,0.0,2.1647058823529415,3.4,3.4,6.86,13.0,3.6
nyj,RB,1.0,7,Zonovan Knight,22.0,2.0,1.8571428571428572,42.857142857142854,0.14285714285714285,12.142857142857142,14.285714285714286,0.0,0.2857142857142857,6.928571428571429,3.4,3.4,6.86,13.0,3.6
nyj,WR,1.0,15,Allen Lazard,28.0,6.666666666666667,4.0,0.0,0.0,0.13333333333333333,52.53333333333333,0.4,0.0,9.653333333333334,3.4,3.4,6.86,13.0,3.6
nyj,WR,1.0,10,Denzel Mims,26.0,2.5,1.1,0.0,0.0,0.0,18.6,0.0,0.0,2.41,3.4,3.4,6.86,13.0,3.6
nyj,TE,1.0,9,Jeremy Ruckert,23.0,0.2222222222222222,0.1111111111111111,0.0,0.0,0.0,0.8888888888888888,0.0,0.0,0.14444444444444443,3.4,3.4,6.86,13.0,3.6
nyj,WR,1.0,11,Jeff Smith,26.0,1.0,0.7272727272727273,0.0,0.0,0.0,12.181818181818182,0.0,0.0,1.581818181818182,3.4,3.4,6.86,13.0,3.6
nyj,WR,0.9,15,Diontae Spencer,31.0,0.26666666666666666,0.06666666666666667,0.0,0.0,0.0,-0.2,0.0,0.13333333333333333,-0.25333333333333335,3.4,3.4,6.86,13.0,3.6
nyj,WR,0.9,10,Malik Taylor,28.0,0.3,0.2,0.0,0.0,0.0,1.4,0.0,0.1,0.03999999999999998,3.4,3.4,6.86,13.0,3.6
nyj,TE,1.0,15,C.J. Uzomah,30.0,1.8,1.4,0.0,0.0,0.0,15.466666666666667,0.13333333333333333,0.0,3.046666666666667,3.4,3.4,6.86,13.0,3.6
nyj,WR,1.0,17,Garrett Wilson,23.0,8.647058823529411,4.882352941176471,0.23529411764705882,0.0,0.23529411764705882,64.88235294117646,0.23529411764705882,0.11764705882352941,10.129411764705882,3.4,3.4,6.86,13.0,3.6
nyj,TE,0.8999999999999999,9,Kenny Yeboah,25.0,0.3333333333333333,0.2222222222222222,0.0,0.0,0.0,4.0,0.0,0.0,0.5111111111111111,3.4,3.4,6.86,13.0,3.6
phi,WR,1.0,17,A.J. Brown,26.0,8.529411764705882,5.176470588235294,0.0,0.0,0.0,88.0,0.6470588235294118,0.11764705882352941,15.03529411764706,10.2,3.4,12.145,20.0,5.800000000000001
phi,TE,1.0,15,Grant Calcaterra,25.0,0.6,0.3333333333333333,0.0,0.0,0.0,5.4,0.0,0.0,0.7066666666666667,10.2,3.4,12.145,20.0,5.800000000000001
phi,WR,0.9461538461538462,13,Tyrie Cleveland,26.0,0.6153846153846154,0.15384615384615385,0.0,0.0,0.0,2.1538461538461537,0.0,0.0,0.2923076923076923,10.2,3.4,12.145,20.0,5.800000000000001
phi,RB,1.0,17,Kenneth Gainwell,24.0,1.7058823529411764,1.3529411764705883,14.117647058823529,0.23529411764705882,3.1176470588235294,9.941176470588236,0.0,0.0,4.4941176470588236,10.2,3.4,12.145,20.0,5.800000000000001
phi,TE,1.0,12,Dallas Goedert,28.0,5.75,4.583333333333333,0.0,0.0,0.0,58.5,0.25,0.08333333333333333,9.475,10.2,3.4,12.145,20.0,5.800000000000001
phi,TE,0.8999999999999999,9,Tyree Jackson,26.0,0.7777777777777778,0.3333333333333333,0.0,0.0,0.0,2.4444444444444446,0.1111111111111111,0.0,1.0777777777777777,10.2,3.4,12.145,20.0,5.800000000000001
phi,RB,0.9333333333333333,15,Rashaad Penny,27.0,0.8666666666666667,0.6666666666666666,73.0,0.5333333333333333,11.733333333333333,4.266666666666667,0.0,0.06666666666666667,11.126666666666669,10.2,3.4,12.145,20.0,5.800000000000001
phi,RB,1.0,15,Boston Scott,28.0,0.4,0.3333333333333333,14.466666666666667,0.2,3.6,1.0,0.0,0.0,2.9133333333333336,10.2,3.4,12.145,20.0,5.800000000000001
phi,RB,0.9181818181818181,11,Trey Sermon,24.0,0.36363636363636365,0.2727272727272727,16.90909090909091,0.09090909090909091,3.909090909090909,2.3636363636363638,0.0,0.0,2.609090909090909,10.2,3.4,12.145,20.0,5.800000000000001
phi,WR,1.0,17,DeVonta Smith,25.0,8.0,5.588235294117647,0.0,0.0,0.0,70.3529411764706,0.4117647058823529,0.058823529411764705,12.182352941176472,10.2,3.4,12.145,20.0,5.800000000000001
phi,TE,1.0,17,Jack Stoll,25.0,0.8235294117647058,0.6470588235294118,0.0,0.0,0.0,7.235294117647059,0.0,0.0,1.0470588235294118,10.2,3.4,12.145,20.0,5.800000000000001
phi,WR,0.9,17,Greg Ward,28.0,0.6470588235294118,0.4117647058823529,0.0,0.0,0.0,5.588235294117647,0.17647058823529413,0.0,1.8235294117647058,10.2,3.4,12.145,20.0,5.800000000000001
phi,WR,1.0,17,Quez Watkins,25.0,3.0,1.9411764705882353,0.058823529411764705,0.0,0.17647058823529413,20.823529411764707,0.17647058823529413,0.058823529411764705,4.0,10.2,3.4,12.145,20.0,5.800000000000001
pit,WR,0.8625,8,Ja\'Marcus Bradley,27.0,1.875,1.125,0.0,0.0,0.0,15.5,0.0,0.0,2.1125,7.4,5.4,5.860000000000001,7.0,5.000000000000001
pit,TE,1.0,16,Pat Freiermuth,25.0,6.125,3.9375,0.0,0.0,0.0,45.75,0.125,0.0,7.29375,7.4,5.4,5.860000000000001,7.0,5.000000000000001
pit,TE,1.0,17,Zach Gentry,27.0,1.3529411764705883,1.1176470588235294,0.0,0.0,0.0,7.764705882352941,0.0,0.0,1.335294117647059,7.4,5.4,5.860000000000001,7.0,5.000000000000001
pit,RB,1.0,17,Najee Harris,25.0,3.1176470588235294,2.411764705882353,60.8235294117647,0.4117647058823529,16.0,13.470588235294118,0.17647058823529413,0.17647058823529413,11.811764705882352,7.4,5.4,5.860000000000001,7.0,5.000000000000001
pit,TE,1.0,17,Connor Heyward,24.0,1.0,0.7058823529411765,1.588235294117647,0.0,0.11764705882352941,8.882352941176471,0.058823529411764705,0.0,1.7529411764705882,7.4,5.4,5.860000000000001,7.0,5.000000000000001
pit,WR,1.0,17,Diontae Johnson,27.0,8.647058823529411,5.0588235294117645,1.4705882352941178,0.0,0.4117647058823529,51.88235294117647,0.0,0.058823529411764705,7.747058823529413,7.4,5.4,5.860000000000001,7.0,5.000000000000001
pit,RB,0.8285714285714286,14,Anthony McFarland Jr.,24.0,0.8571428571428571,0.6428571428571429,10.428571428571429,0.0,3.0,5.428571428571429,0.0,0.0,1.9071428571428573,7.4,5.4,5.860000000000001,7.0,5.000000000000001
pit,WR,0.8157894736842105,19,Anthony Miller,29.0,4.631578947368421,2.8947368421052633,0.631578947368421,0.0,0.10526315789473684,26.842105263157894,0.15789473684210525,0.10526315789473684,4.931578947368421,7.4,5.4,5.860000000000001,7.0,5.000000000000001
pit,WR,1.0,16,Gunner Olszewski,27.0,0.4375,0.3125,2.4375,0.0,0.5,3.3125,0.0,0.125,0.48125000000000007,7.4,5.4,5.860000000000001,7.0,5.000000000000001
pit,WR,1.0,17,George Pickens,22.0,4.9411764705882355,3.0588235294117645,1.411764705882353,0.058823529411764705,0.17647058823529413,47.11764705882353,0.23529411764705882,0.0,8.147058823529411,7.4,5.4,5.860000000000001,7.0,5.000000000000001
pit,WR,1.0,10,Allen Robinson,30.0,5.2,3.3,0.0,0.0,0.0,33.9,0.3,0.0,6.84,7.4,5.4,5.860000000000001,7.0,5.000000000000001
pit,RB,1.0,16,Jaylen Warren,25.0,2.0625,1.75,23.6875,0.0625,4.8125,13.375,0.0,0.0625,4.83125,7.4,5.4,5.860000000000001,7.0,5.000000000000001
pit,WR,0.90625,16,Cody White,25.0,0.4375,0.375,0.0,0.0,0.0,2.1875,0.0,0.0,0.40625,7.4,5.4,5.860000000000001,7.0,5.000000000000001
sfo,WR,1.0,17,Brandon Aiyuk,25.0,6.705882352941177,4.588235294117647,1.3529411764705883,0.0,0.11764705882352941,59.705882352941174,0.47058823529411764,0.058823529411764705,11.105882352941176,8.6,7.6,7.999999999999999,6.0,6.6000000000000005
sfo,WR,1.0,9,Chris Conley,31.0,0.7777777777777778,0.4444444444444444,0.0,0.0,0.0,5.111111111111111,0.0,0.0,0.7333333333333333,8.6,7.6,7.999999999999999,6.0,6.6000000000000005
sfo,TE,1.0,12,Ross Dwelley,28.0,0.4166666666666667,0.25,0.0,0.0,0.0,8.75,0.08333333333333333,0.0,1.5,8.6,7.6,7.999999999999999,6.0,6.6000000000000005
sfo,WR,1.0,13,Danny Gray,24.0,0.5384615384615384,0.07692307692307693,0.6923076923076923,0.0,0.07692307692307693,0.7692307692307693,0.0,0.0,0.18461538461538463,8.6,7.6,7.999999999999999,6.0,6.6000000000000005
sfo,WR,1.0,16,Jauan Jennings,26.0,3.5,2.1875,0.0,0.0,0.0,26.0,0.0625,0.0625,3.94375,8.6,7.6,7.999999999999999,6.0,6.6000000000000005
sfo,WR,0.9285714285714286,7,Tyron Johnson,27.0,0.8571428571428571,0.42857142857142855,0.0,0.0,0.0,3.4285714285714284,0.0,0.0,0.5571428571428572,8.6,7.6,7.999999999999999,6.0,6.6000000000000005
sfo,RB,1.0,16,Kyle Juszczyk,32.0,1.4375,1.1875,1.625,0.0625,0.4375,12.5,0.0625,0.0,2.75625,8.6,7.6,7.999999999999999,6.0,6.6000000000000005
sfo,TE,1.0,15,George Kittle,30.0,5.733333333333333,4.0,0.0,0.0,0.0,51.0,0.7333333333333333,0.06666666666666667,11.366666666666667,8.6,7.6,7.999999999999999,6.0,6.6000000000000005
sfo,RB,1.0,16,Jordan Mason,24.0,0.0,0.0,16.125,0.0625,2.6875,0.0,0.0,0.0,1.9875,8.6,7.6,7.999999999999999,6.0,6.6000000000000005
sfo,RB,1.0,17,Christian McCaffrey,27.0,6.352941176470588,5.0,67.0,0.47058823529411764,14.352941176470589,43.588235294117645,0.29411764705882354,0.058823529411764705,18.029411764705884,8.6,7.6,7.999999999999999,6.0,6.6000000000000005
sfo,WR,1.0,17,Ray-Ray McCloud,27.0,1.4705882352941178,0.8235294117647058,4.588235294117647,0.058823529411764705,0.23529411764705882,14.294117647058824,0.058823529411764705,0.11764705882352941,2.7705882352941176,8.6,7.6,7.999999999999999,6.0,6.6000000000000005
sfo,RB,0.93125,16,Elijah Mitchell,25.0,1.5,1.375,77.625,0.4375,15.75,9.0,0.0625,0.0,12.35,8.6,7.6,7.999999999999999,6.0,6.6000000000000005
sfo,WR,1.0,13,Deebo Samuel,27.0,7.230769230769231,4.3076923076923075,17.846153846153847,0.23076923076923078,3.230769230769231,48.61538461538461,0.15384615384615385,0.23076923076923078,10.646153846153846,8.6,7.6,7.999999999999999,6.0,6.6000000000000005
sfo,TE,1.0,17,Charlie Woerner,26.0,0.11764705882352941,0.0,0.0,0.0,0.0,0.0,0.0,0.0,0.0,8.6,7.6,7.999999999999999,6.0,6.6000000000000005
sea,RB,1.0,15,DeeJay Dallas,25.0,1.2666666666666666,1.1333333333333333,12.4,0.0,2.3333333333333335,8.4,0.0,0.06666666666666667,2.5133333333333336,6.6000000000000005,6.199999999999999,7.1,15.0,3.8
sea,TE,1.0,15,Will Dissly,27.0,2.533333333333333,2.2666666666666666,0.0,0.0,0.0,23.266666666666666,0.2,0.0,4.66,6.6000000000000005,6.199999999999999,7.1,15.0,3.8
sea,WR,1.0,10,D\'Wayne Eskridge,26.0,1.3,0.7,1.0,0.0,0.2,5.8,0.0,0.0,1.0299999999999998,6.6000000000000005,6.199999999999999,7.1,15.0,3.8
sea,TE,1.0,17,Noah Fant,26.0,3.7058823529411766,2.9411764705882355,0.0,0.0,0.0,28.58823529411765,0.23529411764705882,0.0,5.741176470588236,6.6000000000000005,6.199999999999999,7.1,15.0,3.8
sea,WR,1.0,16,Tyler Lockett,31.0,7.3125,5.25,0.0,0.0,0.0,64.5625,0.5625,0.125,12.20625,6.6000000000000005,6.199999999999999,7.1,15.0,3.8
sea,WR,1.0,17,D.K. Metcalf,26.0,8.294117647058824,5.294117647058823,0.0,0.0,0.0,61.64705882352941,0.35294117647058826,0.11764705882352941,10.694117647058825,6.6000000000000005,6.199999999999999,7.1,15.0,3.8
sea,TE,1.0,17,Colby Parkinson,24.0,2.0,1.4705882352941178,0.0,0.0,0.0,18.941176470588236,0.11764705882352941,0.0,3.335294117647059,6.6000000000000005,6.199999999999999,7.1,15.0,3.8
sea,RB,1.0,15,Kenneth Walker III,23.0,2.3333333333333335,1.8,70.0,0.6,15.2,11.0,0.0,0.0,12.6,6.6000000000000005,6.199999999999999,7.1,15.0,3.8
sea,WR,1.0,13,Dareke Young,24.0,0.15384615384615385,0.15384615384615385,0.0,0.0,0.0,1.8461538461538463,0.0,0.0,0.26153846153846155,6.6000000000000005,6.199999999999999,7.1,15.0,3.8
tam,TE,0.9,10,Dominique Dafney,26.0,0.4,0.2,0.0,0.0,0.0,3.4,0.0,0.0,0.44000000000000006,6.0,3.4,5.860000000000001,3.0,2.6000000000000005
tam,RB,1.0,13,Chase Edmonds,27.0,1.8461538461538463,1.2307692307692308,18.846153846153847,0.15384615384615385,5.230769230769231,12.076923076923077,0.07692307692307693,0.0,5.092307692307694,6.0,3.4,5.860000000000001,3.0,2.6000000000000005
tam,WR,1.0,15,Mike Evans,30.0,8.466666666666667,5.133333333333334,0.0,0.0,0.0,74.93333333333334,0.4,0.0,12.46,6.0,3.4,5.860000000000001,3.0,2.6000000000000005
tam,WR,1.0,13,Russell Gage,27.0,5.384615384615385,3.923076923076923,0.0,0.0,0.0,32.76923076923077,0.38461538461538464,0.07692307692307693,7.392307692307692,6.0,3.4,5.860000000000001,3.0,2.6000000000000005
tam,WR,1.0,15,Chris Godwin,27.0,9.466666666666667,6.933333333333334,0.3333333333333333,0.0,0.2,68.2,0.2,0.13333333333333333,11.253333333333334,6.0,3.4,5.860000000000001,3.0,2.6000000000000005
tam,TE,1.0,17,Ko Kieft,25.0,0.5882352941176471,0.4117647058823529,0.0,0.0,0.0,4.705882352941177,0.058823529411764705,0.0,1.0294117647058822,6.0,3.4,5.860000000000001,3.0,2.6000000000000005
tam,RB,0.8272727272727274,22,Patrick Laird,28.0,0.6818181818181818,0.5909090909090909,3.4545454545454546,0.0,0.6363636363636364,3.8636363636363638,0.0,0.045454545454545456,0.9363636363636365,6.0,3.4,5.860000000000001,3.0,2.6000000000000005
tam,TE,1.0,16,Cade Otton,24.0,4.0625,2.625,0.0,0.0,0.0,24.4375,0.125,0.0,4.50625,6.0,3.4,5.860000000000001,3.0,2.6000000000000005
tam,RB,1.0,15,Ke\'Shawn Vaughn,26.0,0.26666666666666666,0.2,3.533333333333333,0.0,1.1333333333333333,1.2666666666666666,0.0,0.0,0.58,6.0,3.4,5.860000000000001,3.0,2.6000000000000005
tam,RB,1.0,17,Rachaad White,24.0,3.411764705882353,2.9411764705882355,28.294117647058822,0.058823529411764705,7.588235294117647,17.058823529411764,0.11764705882352941,0.17647058823529413,6.711764705882353,6.0,3.4,5.860000000000001,3.0,2.6000000000000005
oti,WR,0.9400000000000001,10,C.J. Board,30.0,0.7,0.5,0.6,0.0,0.1,5.7,0.0,0.1,0.6800000000000002,3.6,7.999999999999999,3.715,8.0,3.2
oti,WR,1.0,11,Treylon Burks,23.0,4.909090909090909,3.0,4.2727272727272725,0.0,0.36363636363636365,40.36363636363637,0.09090909090909091,0.0,6.50909090909091,3.6,7.999999999999999,3.715,8.0,3.2
oti,RB,1.0,15,Hassan Haskins,24.0,0.8,0.7333333333333333,6.2,0.0,1.6666666666666667,3.8,0.0,0.0,1.3666666666666667,3.6,7.999999999999999,3.715,8.0,3.2
oti,RB,0.9,8,Derrick Henry,29.0,2.5,2.25,117.125,1.25,27.375,19.25,0.0,0.125,22.012500000000003,3.6,7.999999999999999,3.715,8.0,3.2
oti,WR,1.0,11,Cody Hollister,30.0,0.45454545454545453,0.2727272727272727,0.0,0.0,0.0,4.909090909090909,0.0,0.0,0.6272727272727273,3.6,7.999999999999999,3.715,8.0,3.2
oti,WR,0.9357142857142857,14,Racey McMath,24.0,1.0,0.2857142857142857,0.2857142857142857,0.0,0.07142857142857142,3.4285714285714284,0.0,0.07142857142857142,0.37142857142857144,3.6,7.999999999999999,3.715,8.0,3.2
oti,TE,1.0,17,Chigoziem Okonkwo,24.0,2.7058823529411766,1.8823529411764706,0.11764705882352941,0.0,0.17647058823529413,26.470588235294116,0.17647058823529413,0.0,4.658823529411765,3.6,7.999999999999999,3.715,8.0,3.2
oti,TE,0.8857142857142858,7,Kevin Rader,28.0,0.5714285714285714,0.2857142857142857,0.0,0.0,0.0,1.1428571428571428,0.0,0.0,0.2571428571428571,3.6,7.999999999999999,3.715,8.0,3.2
oti,RB,0.9187500000000001,16,Jonathan Ward,26.0,0.4375,0.3125,3.625,0.0,0.875,2.5625,0.0,0.0,0.7750000000000001,3.6,7.999999999999999,3.715,8.0,3.2
oti,TE,1.0,14,Trevon Wesco,28.0,0.2857142857142857,0.14285714285714285,0.0,0.0,0.0,1.8571428571428572,0.0,0.0,0.2571428571428571,3.6,7.999999999999999,3.715,8.0,3.2
oti,WR,1.0,17,Nick Westbrook-Ikhine,26.0,2.9411764705882355,1.4705882352941178,0.0,0.0,0.0,23.352941176470587,0.17647058823529413,0.0,4.129411764705883,3.6,7.999999999999999,3.715,8.0,3.2
was,RB,0.8999999999999999,9,Alex Armah,29.0,0.1111111111111111,0.1111111111111111,2.3333333333333335,0.0,0.5555555555555556,0.1111111111111111,0.1111111111111111,0.0,0.9666666666666667,5.8,5.1,6.569999999999999,10.0,1.8
was,TE,1.0,16,John Bates,26.0,1.375,0.875,0.0,0.0,0.0,6.75,0.0625,0.0625,1.3625,5.8,5.1,6.569999999999999,10.0,1.8
was,WR,1.0,15,Dyami Brown,24.0,0.9333333333333333,0.3333333333333333,1.0,0.0,0.06666666666666667,9.533333333333333,0.13333333333333333,0.0,2.02,5.8,5.1,6.569999999999999,10.0,1.8
was,WR,1.0,12,Jahan Dotson,23.0,5.083333333333333,2.9166666666666665,-0.5833333333333334,0.0,0.16666666666666666,43.583333333333336,0.5833333333333334,0.0,9.258333333333333,5.8,5.1,6.569999999999999,10.0,1.8
was,WR,0.9,17,Alex Erickson,31.0,0.23529411764705882,0.17647058823529413,0.0,0.0,0.0,3.235294117647059,0.0,0.0,0.411764705882353,5.8,5.1,6.569999999999999,10.0,1.8
was,RB,1.0,15,Antonio Gibson,25.0,3.8666666666666667,3.066666666666667,36.4,0.2,9.933333333333334,23.533333333333335,0.13333333333333333,0.06666666666666667,9.393333333333334,5.8,5.1,6.569999999999999,10.0,1.8
was,WR,0.9,16,Marcus Kemp,28.0,0.3125,0.125,0.0,0.0,0.0,1.5,0.0,0.0,0.21250000000000002,5.8,5.1,6.569999999999999,10.0,1.8
was,WR,1.0,17,Terry McLaurin,28.0,7.0588235294117645,4.529411764705882,1.7058823529411764,0.0,0.4117647058823529,70.05882352941177,0.29411764705882354,0.058823529411764705,11.088235294117649,5.8,5.1,6.569999999999999,10.0,1.8
was,WR,1.0,15,Dax Milne,24.0,0.4666666666666667,0.4,0.0,0.0,0.0,2.466666666666667,0.06666666666666667,0.06666666666666667,0.7133333333333334,5.8,5.1,6.569999999999999,10.0,1.8
was,RB,1.0,12,Brian Robinson Jr.,24.0,1.0,0.75,66.41666666666667,0.16666666666666666,17.083333333333332,5.0,0.08333333333333333,0.16666666666666666,8.683333333333334,5.8,5.1,6.569999999999999,10.0,1.8
was,TE,1.0,11,Armani Rogers,26.0,0.5454545454545454,0.45454545454545453,2.3636363636363638,0.0,0.18181818181818182,5.818181818181818,0.0,0.0,1.0454545454545456,5.8,5.1,6.569999999999999,10.0,1.8
was,WR,1.0,17,Curtis Samuel,27.0,5.411764705882353,3.764705882352941,11.0,0.058823529411764705,2.235294117647059,38.588235294117645,0.23529411764705882,0.058823529411764705,8.488235294117647,5.8,5.1,6.569999999999999,10.0,1.8
was,TE,1.0,14,Logan Thomas,32.0,4.357142857142857,2.7857142857142856,0.0,0.0,0.0,23.071428571428573,0.07142857142857142,0.0,4.128571428571428,5.8,5.1,6.569999999999999,10.0,1.8
was,TE,1.0,10,Cole Turner,23.0,0.9,0.2,0.0,0.0,0.0,2.3,0.0,0.0,0.32999999999999996,5.8,5.1,6.569999999999999,10.0,1.8
was,RB,1.0,13,Jonathan Williams,29.0,0.7692307692307693,0.5384615384615384,11.692307692307692,0.0,2.8461538461538463,3.076923076923077,0.0,0.0,1.7461538461538462,5.8,5.1,6.569999999999999,10.0,1.8
